Year_Make_Model,Vehicle Type,Base MSRP,Electric Range
2000 FORD RANGER,BEV,0.0,58.0
2002 TOYOTA RAV4,BEV,0.0,95.0
2003 TOYOTA RAV4,BEV,0.0,95.0
2008 TESLA ROADSTER,BEV,0.0,0.0
2010 TESLA ROADSTER,BEV,110950.0,245.0
2010 WHEEGO ELECTRIC CARS WHEEGO,PHEV,32995.0,100.0
2011 AZURE DYNAMICS TRANSIT CONNECT ELECTRIC,BEV,0.0,56.0
2011 CHEVROLET VOLT,PHEV,0.0,35.0
2011 NISSAN LEAF,BEV,0.0,73.0
2011 TESLA ROADSTER,BEV,109000.0,245.0
2011 TH!NK CITY,BEV,0.0,100.0
2012 CHEVROLET VOLT,PHEV,0.0,35.0
2012 FISKER KARMA,PHEV,102000.0,33.0
2012 FORD FOCUS,BEV,0.0,76.0
2012 MITSUBISHI I-MIEV,BEV,0.0,62.0
2012 NISSAN LEAF,BEV,0.0,73.0
2012 TESLA MODEL S,BEV,59900.0,265.0
2012 TOYOTA PRIUS,PHEV,0.0,6.0
2012 TOYOTA RAV4,BEV,0.0,103.0
2013 CHEVROLET VOLT,PHEV,0.0,38.0
2013 FIAT 500,BEV,0.0,87.0
2013 FORD C-MAX,PHEV,0.0,19.0
2013 FORD FOCUS,BEV,0.0,76.0
2013 FORD FUSION,PHEV,0.0,19.0
2013 NISSAN LEAF,BEV,0.0,75.0
2013 SMART FORTWO ELECTRIC DRIVE,BEV,0.0,68.0
2013 TESLA MODEL S,BEV,69900.0,208.0
2013 TOYOTA PRIUS,PHEV,0.0,6.0
2013 TOYOTA RAV4,BEV,0.0,103.0
2014 BMW I3,BEV,0.0,81.0
2014 BMW I3,PHEV,0.0,72.0
2014 BMW I8,PHEV,0.0,14.0
2014 CADILLAC ELR,PHEV,0.0,37.0
2014 CHEVROLET SPARK,BEV,0.0,82.0
2014 CHEVROLET VOLT,PHEV,0.0,38.0
2014 FIAT 500,BEV,0.0,87.0
2014 FORD C-MAX,PHEV,0.0,19.0
2014 FORD FOCUS,BEV,0.0,76.0
2014 FORD FUSION,PHEV,0.0,19.0
2014 HONDA ACCORD,PHEV,0.0,13.0
2014 MERCEDES-BENZ B-CLASS,BEV,0.0,87.0
2014 MITSUBISHI I-MIEV,BEV,0.0,62.0
2014 NISSAN LEAF,BEV,0.0,84.0
2014 PORSCHE PANAMERA,PHEV,0.0,15.0
2014 SMART FORTWO ELECTRIC DRIVE,BEV,0.0,58.0
2014 TESLA MODEL S,BEV,69900.0,208.0
2014 TOYOTA PRIUS,PHEV,0.0,6.0
2014 TOYOTA RAV4,BEV,0.0,103.0
2015 BMW I3,BEV,0.0,81.0
2015 BMW I3,PHEV,0.0,72.0
2015 BMW I8,PHEV,0.0,14.0
2015 CHEVROLET SPARK,BEV,0.0,82.0
2015 CHEVROLET VOLT,PHEV,0.0,38.0
2015 FIAT 500,BEV,0.0,87.0
2015 FORD C-MAX,PHEV,0.0,19.0
2015 FORD FOCUS,BEV,0.0,76.0
2015 FORD FUSION,PHEV,0.0,19.0
2015 KIA SOUL,BEV,0.0,93.0
2015 MERCEDES-BENZ B-CLASS,BEV,0.0,87.0
2015 MERCEDES-BENZ S-CLASS,PHEV,0.0,14.0
2015 NISSAN LEAF,BEV,0.0,84.0
2015 PORSCHE 918,PHEV,845000.0,12.0
2015 PORSCHE CAYENNE,PHEV,0.0,14.0
2015 PORSCHE PANAMERA,PHEV,0.0,15.0
2015 SMART FORTWO ELECTRIC DRIVE,BEV,0.0,68.0
2015 TESLA MODEL S,BEV,0.0,208.0
2015 TOYOTA PRIUS,PHEV,0.0,6.0
2015 VOLKSWAGEN E-GOLF,BEV,0.0,83.0
2016 AUDI A3,PHEV,0.0,16.0
2016 BMW 330E,PHEV,43700.0,14.0
2016 BMW I3,BEV,0.0,81.0
2016 BMW I3,PHEV,0.0,72.0
2016 BMW I8,PHEV,0.0,14.0
2016 BMW X5,PHEV,0.0,14.0
2016 CADILLAC ELR,PHEV,0.0,36.0
2016 CHEVROLET SPARK,BEV,0.0,82.0
2016 CHEVROLET VOLT,PHEV,0.0,53.0
2016 FIAT 500,BEV,0.0,84.0
2016 FORD C-MAX,PHEV,0.0,19.0
2016 FORD FOCUS,BEV,0.0,76.0
2016 FORD FUSION,PHEV,0.0,19.0
2016 HYUNDAI SONATA,PHEV,0.0,27.0
2016 KIA SOUL,BEV,31950.0,93.0
2016 MERCEDES-BENZ B-CLASS,BEV,0.0,87.0
2016 MERCEDES-BENZ C-CLASS,PHEV,0.0,11.0
2016 MERCEDES-BENZ GLE-CLASS,PHEV,0.0,10.0
2016 MERCEDES-BENZ S-CLASS,PHEV,0.0,14.0
2016 MITSUBISHI I-MIEV,BEV,0.0,62.0
2016 NISSAN LEAF,BEV,0.0,84.0
2016 PORSCHE CAYENNE,PHEV,0.0,14.0
2016 PORSCHE PANAMERA,PHEV,0.0,15.0
2016 SMART FORTWO,BEV,0.0,68.0
2016 TESLA MODEL S,BEV,0.0,210.0
2016 TESLA MODEL X,BEV,0.0,200.0
2016 VOLKSWAGEN E-GOLF,BEV,0.0,83.0
2016 VOLVO XC90,PHEV,0.0,13.0
2017 AUDI A3,PHEV,0.0,16.0
2017 BMW 330E,PHEV,44100.0,14.0
2017 BMW 740E,PHEV,89100.0,14.0
2017 BMW I3,BEV,0.0,81.0
2017 BMW I3,PHEV,0.0,97.0
2017 BMW I8,PHEV,0.0,14.0
2017 BMW X5,PHEV,0.0,14.0
2017 CADILLAC CT6,PHEV,75095.0,31.0
2017 CHEVROLET BOLT EV,BEV,0.0,238.0
2017 CHEVROLET VOLT,PHEV,0.0,53.0
2017 CHRYSLER PACIFICA,PHEV,0.0,33.0
2017 FIAT 500,BEV,0.0,84.0
2017 FORD C-MAX,PHEV,0.0,20.0
2017 FORD FOCUS,BEV,0.0,100.0
2017 FORD FUSION,PHEV,0.0,21.0
2017 HYUNDAI IONIQ,BEV,0.0,124.0
2017 HYUNDAI SONATA,PHEV,0.0,27.0
2017 KIA OPTIMA,PHEV,0.0,29.0
2017 KIA SOUL,BEV,32250.0,93.0
2017 MERCEDES-BENZ B-CLASS,BEV,0.0,87.0
2017 MERCEDES-BENZ C-CLASS,PHEV,0.0,8.0
2017 MERCEDES-BENZ GLE-CLASS,PHEV,0.0,10.0
2017 MERCEDES-BENZ S-CLASS,PHEV,0.0,12.0
2017 MITSUBISHI I-MIEV,BEV,0.0,59.0
2017 NISSAN LEAF,BEV,0.0,107.0
2017 PORSCHE CAYENNE,PHEV,0.0,14.0
2017 SMART FORTWO,BEV,0.0,58.0
2017 TESLA MODEL 3,BEV,0.0,220.0
2017 TESLA MODEL S,BEV,0.0,210.0
2017 TESLA MODEL X,BEV,0.0,200.0
2017 TOYOTA PRIUS PRIME (PHEV),PHEV,0.0,25.0
2017 VOLKSWAGEN E-GOLF,BEV,0.0,125.0
2017 VOLVO XC90,PHEV,0.0,14.0
2018 AUDI A3,PHEV,0.0,16.0
2018 BMW 330E,PHEV,45600.0,14.0
2018 BMW 530E,PHEV,54950.0,14.0
2018 BMW 740E,PHEV,90700.0,14.0
2018 BMW I3,BEV,0.0,114.0
2018 BMW I3,PHEV,0.0,97.0
2018 BMW X5,PHEV,0.0,13.0
2018 CADILLAC CT6,PHEV,75095.0,31.0
2018 CHEVROLET BOLT EV,BEV,0.0,238.0
2018 CHEVROLET VOLT,PHEV,0.0,53.0
2018 CHRYSLER PACIFICA,PHEV,0.0,33.0
2018 FIAT 500,BEV,0.0,84.0
2018 FORD FOCUS,BEV,0.0,100.0
2018 FORD FUSION,PHEV,0.0,21.0
2018 HONDA CLARITY,PHEV,0.0,47.0
2018 HYUNDAI IONIQ,BEV,0.0,124.0
2018 HYUNDAI IONIQ,PHEV,0.0,29.0
2018 KIA NIRO,PHEV,0.0,26.0
2018 KIA OPTIMA,PHEV,0.0,29.0
2018 KIA SOUL,BEV,33950.0,111.0
2018 MERCEDES-BENZ C-CLASS,PHEV,0.0,8.0
2018 MERCEDES-BENZ GLC-CLASS,PHEV,0.0,9.0
2018 MERCEDES-BENZ GLE-CLASS,PHEV,0.0,8.0
2018 MINI COUNTRYMAN,PHEV,36800.0,12.0
2018 MITSUBISHI OUTLANDER,PHEV,0.0,22.0
2018 NISSAN LEAF,BEV,0.0,151.0
2018 PORSCHE CAYENNE,PHEV,0.0,14.0
2018 PORSCHE PANAMERA,PHEV,0.0,14.0
2018 SMART EQ FORTWO,BEV,0.0,58.0
2018 TESLA MODEL 3,BEV,0.0,215.0
2018 TESLA MODEL S,BEV,0.0,249.0
2018 TESLA MODEL X,BEV,0.0,238.0
2018 TOYOTA PRIUS PRIME (PHEV),PHEV,0.0,25.0
2018 VOLKSWAGEN E-GOLF,BEV,0.0,125.0
2018 VOLVO S90,PHEV,0.0,21.0
2018 VOLVO XC60,PHEV,52900.0,17.0
2018 VOLVO XC90,PHEV,64950.0,19.0
2019 AUDI E-TRON,BEV,0.0,204.0
2019 BMW 530E,PHEV,55700.0,15.0
2019 BMW 740E,PHEV,91250.0,14.0
2019 BMW I3,BEV,0.0,153.0
2019 BMW I3,PHEV,0.0,126.0
2019 BMW I8,PHEV,0.0,17.0
2019 CHEVROLET BOLT EV,BEV,0.0,238.0
2019 CHEVROLET VOLT,PHEV,0.0,53.0
2019 CHRYSLER PACIFICA,PHEV,39995.0,32.0
2019 FIAT 500,BEV,0.0,84.0
2019 FORD FUSION,PHEV,0.0,26.0
2019 HONDA CLARITY,PHEV,0.0,47.0
2019 HYUNDAI IONIQ,BEV,0.0,29.0
2019 HYUNDAI IONIQ,PHEV,0.0,29.0
2019 HYUNDAI KONA,BEV,0.0,258.0
2019 HYUNDAI SONATA,PHEV,0.0,28.0
2019 JAGUAR I-PACE,BEV,0.0,234.0
2019 KIA NIRO,BEV,0.0,239.0
2019 KIA NIRO,PHEV,0.0,26.0
2019 KIA OPTIMA,PHEV,0.0,29.0
2019 KIA SOUL,BEV,0.0,0.0
2019 MERCEDES-BENZ GLC-CLASS,PHEV,0.0,10.0
2019 MINI COUNTRYMAN,PHEV,36900.0,12.0
2019 MITSUBISHI OUTLANDER,PHEV,0.0,22.0
2019 NISSAN LEAF,BEV,0.0,150.0
2019 PORSCHE CAYENNE,PHEV,0.0,13.0
2019 PORSCHE PANAMERA,PHEV,0.0,14.0
2019 SMART EQ FORTWO,BEV,0.0,58.0
2019 SUBARU CROSSTREK,PHEV,34995.0,17.0
2019 TESLA MODEL 3,BEV,0.0,220.0
2019 TESLA MODEL S,BEV,0.0,270.0
2019 TESLA MODEL X,BEV,0.0,289.0
2019 TOYOTA PRIUS PRIME (PHEV),PHEV,0.0,25.0
2019 VOLKSWAGEN E-GOLF,BEV,0.0,125.0
2019 VOLVO S60,PHEV,0.0,22.0
2019 VOLVO S90,PHEV,0.0,21.0
2019 VOLVO XC60,PHEV,52900.0,17.0
2019 VOLVO XC90,PHEV,0.0,17.0
2020 AUDI A8 E,PHEV,0.0,17.0
2020 AUDI E-TRON SPORTBACK,BEV,0.0,218.0
2020 AUDI Q5 E,PHEV,0.0,20.0
2020 BMW 530E,PHEV,0.0,20.0
2020 BMW 745E,PHEV,0.0,16.0
2020 BMW I3,BEV,0.0,153.0
2020 BMW I3,PHEV,0.0,126.0
2020 BMW X3,PHEV,0.0,17.0
2020 CHEVROLET BOLT EV,BEV,0.0,259.0
2020 CHRYSLER PACIFICA,PHEV,0.0,32.0
2020 FORD FUSION,PHEV,0.0,26.0
2020 HONDA CLARITY,PHEV,0.0,47.0
2020 HYUNDAI IONIQ,BEV,0.0,170.0
2020 HYUNDAI IONIQ,PHEV,0.0,29.0
2020 HYUNDAI KONA,BEV,0.0,258.0
2020 JAGUAR I-PACE,BEV,0.0,234.0
2020 KIA NIRO,BEV,0.0,239.0
2020 KIA NIRO,PHEV,0.0,26.0
2020 KIA OPTIMA,PHEV,0.0,28.0
2020 LAND ROVER RANGE ROVER,PHEV,0.0,19.0
2020 LAND ROVER RANGE ROVER SPORT,PHEV,0.0,19.0
2020 LINCOLN AVIATOR,PHEV,0.0,21.0
2020 MERCEDES-BENZ GLC-CLASS,PHEV,0.0,22.0
2020 MINI COUNTRYMAN,PHEV,0.0,17.0
2020 MINI HARDTOP,BEV,0.0,0.0
2020 MITSUBISHI OUTLANDER,PHEV,0.0,22.0
2020 NISSAN LEAF,BEV,0.0,215.0
2020 PORSCHE CAYENNE,PHEV,0.0,14.0
2020 PORSCHE PANAMERA,PHEV,0.0,14.0
2020 PORSCHE TAYCAN,BEV,0.0,203.0
2020 TESLA MODEL 3,BEV,0.0,322.0
2020 TESLA MODEL S,BEV,0.0,330.0
2020 TESLA MODEL X,BEV,0.0,293.0
2020 TESLA MODEL Y,BEV,0.0,291.0
2020 TOYOTA PRIUS PRIME (PHEV),PHEV,0.0,25.0
2020 VOLVO S60,PHEV,0.0,22.0
2020 VOLVO S90,PHEV,0.0,21.0
2020 VOLVO V60,PHEV,0.0,22.0
2020 VOLVO XC60,PHEV,0.0,18.0
2020 VOLVO XC90,PHEV,0.0,18.0
2021 AUDI A7 E,PHEV,0.0,24.0
2021 AUDI E-TRON,BEV,0.0,222.0
2021 AUDI E-TRON SPORTBACK,BEV,0.0,0.0
2021 AUDI Q5 E,PHEV,0.0,18.0
2021 BENTLEY BENTAYGA,PHEV,0.0,17.0
2021 BMW 330E,PHEV,0.0,20.0
2021 BMW 530E,PHEV,0.0,18.0
2021 BMW 745E,PHEV,0.0,16.0
2021 BMW I3,BEV,0.0,0.0
2021 BMW I3,PHEV,0.0,153.0
2021 BMW X3,PHEV,0.0,17.0
2021 BMW X5,PHEV,0.0,30.0
2021 CHEVROLET BOLT EV,BEV,0.0,0.0
2021 CHRYSLER PACIFICA,PHEV,0.0,32.0
2021 FORD ESCAPE,PHEV,0.0,38.0
2021 FORD MUSTANG MACH-E,BEV,0.0,0.0
2021 HONDA CLARITY,PHEV,0.0,47.0
2021 HYUNDAI IONIQ,BEV,0.0,0.0
2021 HYUNDAI IONIQ,PHEV,0.0,29.0
2021 HYUNDAI KONA,BEV,0.0,0.0
2021 JEEP WRANGLER,PHEV,0.0,21.0
2021 KIA NIRO,BEV,0.0,0.0
2021 KIA NIRO,PHEV,0.0,26.0
2021 LAND ROVER RANGE ROVER,PHEV,0.0,19.0
2021 LAND ROVER RANGE ROVER SPORT,PHEV,0.0,19.0
2021 LINCOLN AVIATOR,PHEV,0.0,21.0
2021 LINCOLN CORSAIR,PHEV,0.0,28.0
2021 MINI COUNTRYMAN,PHEV,0.0,17.0
2021 MINI HARDTOP,BEV,0.0,110.0
2021 MITSUBISHI OUTLANDER,PHEV,0.0,24.0
2021 NISSAN LEAF,BEV,0.0,0.0
2021 POLESTAR PS2,BEV,0.0,233.0
2021 PORSCHE CAYENNE,PHEV,0.0,16.0
2021 PORSCHE PANAMERA,PHEV,0.0,18.0
2021 PORSCHE TAYCAN,BEV,0.0,0.0
2021 TESLA MODEL 3,BEV,0.0,0.0
2021 TESLA MODEL S,BEV,0.0,0.0
2021 TESLA MODEL X,BEV,0.0,0.0
2021 TESLA MODEL Y,BEV,0.0,0.0
2021 TOYOTA PRIUS PRIME (PHEV),PHEV,0.0,25.0
2021 TOYOTA RAV4 PRIME (PHEV),PHEV,0.0,42.0
2021 VOLKSWAGEN ID.4,BEV,0.0,0.0
2021 VOLVO S60,PHEV,0.0,22.0
2021 VOLVO V60,PHEV,0.0,22.0
2021 VOLVO XC40,BEV,0.0,0.0
2021 VOLVO XC60,PHEV,0.0,18.0
2021 VOLVO XC90,PHEV,0.0,18.0
2022 AUDI E-TRON,BEV,0.0,0.0
2022 AUDI E-TRON GT,BEV,0.0,0.0
2022 AUDI E-TRON SPORTBACK,BEV,0.0,0.0
2022 AUDI Q4,BEV,0.0,0.0
2022 AUDI Q5,PHEV,0.0,23.0
2022 AUDI RS E-TRON GT,BEV,0.0,0.0
2022 BENTLEY FLYING SPUR,PHEV,0.0,21.0
2022 BMW 330E,PHEV,0.0,22.0
2022 BMW 530E,PHEV,0.0,18.0
2022 BMW 745LE,PHEV,0.0,16.0
2022 BMW I4,BEV,0.0,0.0
2022 BMW IX,BEV,0.0,0.0
2022 BMW X5,PHEV,0.0,30.0
2022 CHEVROLET BOLT EUV,BEV,0.0,0.0
2022 CHEVROLET BOLT EV,BEV,0.0,0.0
2022 CHRYSLER PACIFICA,PHEV,0.0,32.0
2022 FORD ESCAPE,PHEV,0.0,38.0
2022 FORD F-150,BEV,0.0,0.0
2022 FORD MUSTANG MACH-E,BEV,0.0,0.0
2022 FORD TRANSIT,BEV,0.0,0.0
2022 HYUNDAI IONIQ,PHEV,0.0,29.0
2022 HYUNDAI IONIQ 5,BEV,0.0,0.0
2022 HYUNDAI KONA,BEV,0.0,0.0
2022 HYUNDAI SANTA FE,PHEV,0.0,31.0
2022 HYUNDAI TUCSON,PHEV,0.0,33.0
2022 JAGUAR I-PACE,BEV,0.0,0.0
2022 JEEP GRAND CHEROKEE,PHEV,0.0,25.0
2022 JEEP WRANGLER,PHEV,0.0,21.0
2022 KIA EV6,BEV,0.0,0.0
2022 KIA NIRO,BEV,0.0,0.0
2022 KIA NIRO,PHEV,0.0,26.0
2022 KIA SORENTO,PHEV,0.0,32.0
2022 LEXUS NX,PHEV,0.0,37.0
2022 LINCOLN AVIATOR,PHEV,0.0,21.0
2022 LINCOLN CORSAIR,PHEV,0.0,28.0
2022 LUCID AIR,BEV,0.0,0.0
2022 MAZDA MX-30,BEV,0.0,0.0
2022 MERCEDES-BENZ EQB-CLASS,BEV,0.0,0.0
2022 MERCEDES-BENZ EQS-CLASS SEDAN,BEV,0.0,0.0
2022 MINI COUNTRYMAN,PHEV,0.0,17.0
2022 MINI HARDTOP,BEV,0.0,0.0
2022 MITSUBISHI OUTLANDER,PHEV,0.0,24.0
2022 NISSAN LEAF,BEV,0.0,0.0
2022 POLESTAR PS2,BEV,0.0,0.0
2022 PORSCHE CAYENNE,PHEV,0.0,14.0
2022 PORSCHE PANAMERA,PHEV,0.0,19.0
2022 PORSCHE TAYCAN,BEV,0.0,0.0
2022 RIVIAN EDV,BEV,0.0,0.0
2022 RIVIAN R1S,BEV,0.0,0.0
2022 RIVIAN R1T,BEV,0.0,0.0
2022 TESLA MODEL 3,BEV,0.0,0.0
2022 TESLA MODEL S,BEV,0.0,0.0
2022 TESLA MODEL X,BEV,0.0,0.0
2022 TESLA MODEL Y,BEV,0.0,0.0
2022 TOYOTA PRIUS PRIME (PHEV),PHEV,0.0,25.0
2022 TOYOTA RAV4 PRIME (PHEV),PHEV,0.0,42.0
2022 VOLKSWAGEN ID.4,BEV,0.0,0.0
2022 VOLVO C40,BEV,0.0,0.0
2022 VOLVO S60,PHEV,0.0,22.0
2022 VOLVO V60,PHEV,0.0,22.0
2022 VOLVO XC40,BEV,0.0,0.0
2022 VOLVO XC60,PHEV,0.0,18.0
2022 VOLVO XC90,PHEV,0.0,18.0
2023 AUDI E-TRON,BEV,0.0,0.0
2023 AUDI E-TRON GT,BEV,0.0,0.0
2023 AUDI Q4,BEV,0.0,0.0
2023 AUDI Q5 E,PHEV,0.0,23.0
2023 AUDI RS E-TRON GT,BEV,0.0,0.0
2023 BENTLEY BENTAYGA,PHEV,0.0,23.0
2023 BMW 330E,PHEV,0.0,20.0
2023 BMW 530E,PHEV,0.0,18.0
2023 BMW I4,BEV,0.0,0.0
2023 BMW I7,BEV,0.0,0.0
2023 BMW IX,BEV,0.0,0.0
2023 BMW X5,PHEV,0.0,30.0
2023 BRIGHTDROP ZEVO,BEV,0.0,0.0
2023 CADILLAC LYRIQ,BEV,0.0,0.0
2023 CHEVROLET BOLT EUV,BEV,0.0,0.0
2023 CHEVROLET BOLT EV,BEV,0.0,0.0
2023 CHRYSLER PACIFICA,PHEV,0.0,32.0
2023 FISKER OCEAN,BEV,0.0,0.0
2023 FORD ESCAPE,PHEV,0.0,37.0
2023 FORD F-150,BEV,0.0,0.0
2023 FORD MUSTANG MACH-E,BEV,0.0,0.0
2023 FORD TRANSIT,BEV,0.0,0.0
2023 GENESIS G80,BEV,0.0,0.0
2023 GENESIS GV60,BEV,0.0,0.0
2023 GENESIS GV70,BEV,0.0,0.0
2023 HYUNDAI IONIQ 5,BEV,0.0,0.0
2023 HYUNDAI IONIQ 6,BEV,0.0,0.0
2023 HYUNDAI KONA,BEV,0.0,0.0
2023 HYUNDAI SANTA FE,PHEV,0.0,30.0
2023 HYUNDAI TUCSON,PHEV,0.0,33.0
2023 JAGUAR I-PACE,BEV,0.0,0.0
2023 JEEP GRAND CHEROKEE,PHEV,0.0,25.0
2023 JEEP WRANGLER,PHEV,0.0,21.0
2023 KIA EV6,BEV,0.0,0.0
2023 KIA NIRO,BEV,0.0,0.0
2023 KIA NIRO,PHEV,0.0,33.0
2023 KIA SORENTO,PHEV,0.0,32.0
2023 KIA SPORTAGE,PHEV,0.0,34.0
2023 LAND ROVER RANGE ROVER,PHEV,0.0,51.0
2023 LAND ROVER RANGE ROVER SPORT,PHEV,0.0,19.0
2023 LEXUS NX,PHEV,0.0,37.0
2023 LEXUS RZ,BEV,0.0,0.0
2023 LINCOLN AVIATOR,PHEV,0.0,21.0
2023 LINCOLN CORSAIR,PHEV,0.0,28.0
2023 LUCID AIR,BEV,0.0,0.0
2023 MERCEDES-BENZ EQB-CLASS,BEV,0.0,0.0
2023 MERCEDES-BENZ EQE-CLASS SEDAN,BEV,0.0,0.0
2023 MERCEDES-BENZ EQE-CLASS SUV,BEV,0.0,0.0
2023 MERCEDES-BENZ EQS-CLASS SEDAN,BEV,0.0,0.0
2023 MERCEDES-BENZ EQS-CLASS SUV,BEV,0.0,0.0
2023 MINI COUNTRYMAN,PHEV,0.0,17.0
2023 MINI HARDTOP,BEV,0.0,0.0
2023 MITSUBISHI OUTLANDER,PHEV,0.0,38.0
2023 NISSAN ARIYA,BEV,0.0,0.0
2023 NISSAN LEAF,BEV,0.0,0.0
2023 POLESTAR PS2,BEV,0.0,0.0
2023 PORSCHE CAYENNE,PHEV,0.0,14.0
2023 PORSCHE PANAMERA,PHEV,0.0,18.0
2023 PORSCHE TAYCAN,BEV,0.0,0.0
2023 RIVIAN EDV,BEV,0.0,0.0
2023 RIVIAN R1S,BEV,0.0,0.0
2023 RIVIAN R1T,BEV,0.0,0.0
2023 SUBARU SOLTERRA,BEV,0.0,0.0
2023 TESLA MODEL 3,BEV,0.0,0.0
2023 TESLA MODEL S,BEV,0.0,0.0
2023 TESLA MODEL X,BEV,0.0,0.0
2023 TESLA MODEL Y,BEV,0.0,0.0
2023 TOYOTA BZ4X,BEV,0.0,0.0
2023 TOYOTA MIRAI,BEV,0.0,0.0
2023 TOYOTA PRIUS PRIME (PHEV),PHEV,0.0,39.0
2023 TOYOTA RAV4 PRIME (PHEV),PHEV,0.0,42.0
2023 VINFAST VF 8,BEV,0.0,0.0
2023 VOLKSWAGEN ID.4,BEV,0.0,0.0
2023 VOLVO C40,BEV,0.0,0.0
2023 VOLVO S60,PHEV,0.0,41.0
2023 VOLVO S90,PHEV,0.0,38.0
2023 VOLVO V60,PHEV,0.0,41.0
2023 VOLVO XC40,BEV,0.0,0.0
2023 VOLVO XC60,PHEV,0.0,35.0
2023 VOLVO XC90,PHEV,0.0,32.0
2024 ACURA ZDX,BEV,0.0,0.0
2024 ALFA ROMEO TONALE,PHEV,0.0,33.0
2024 AUDI E-TRON GT,BEV,0.0,0.0
2024 AUDI Q4,BEV,0.0,0.0
2024 AUDI Q5 E,PHEV,0.0,23.0
2024 AUDI Q8,BEV,0.0,0.0
2024 AUDI RS E-TRON GT,BEV,0.0,0.0
2024 AUDI SQ8,BEV,0.0,0.0
2024 BENTLEY BENTAYGA,PHEV,0.0,28.0
2024 BMW 330E,PHEV,0.0,20.0
2024 BMW 750E,PHEV,0.0,36.0
2024 BMW I4,BEV,0.0,0.0
2024 BMW I5,BEV,0.0,0.0
2024 BMW I7,BEV,0.0,0.0
2024 BMW IX,BEV,0.0,0.0
2024 BMW X5,PHEV,0.0,39.0
2024 BMW XM,PHEV,0.0,31.0
2024 BRIGHTDROP ZEVO,BEV,0.0,0.0
2024 CADILLAC LYRIQ,BEV,0.0,0.0
2024 CHEVROLET BLAZER,BEV,0.0,0.0
2024 CHEVROLET EQUINOX,BEV,0.0,0.0
2024 CHEVROLET SILVERADO,BEV,0.0,0.0
2024 CHRYSLER PACIFICA,PHEV,0.0,32.0
2024 DODGE CHARGER,BEV,0.0,0.0
2024 DODGE HORNET,PHEV,0.0,32.0
2024 FIAT 500E,BEV,0.0,0.0
2024 FORD ESCAPE,PHEV,0.0,37.0
2024 FORD F-150,BEV,0.0,0.0
2024 FORD MUSTANG MACH-E,BEV,0.0,0.0
2024 FORD TRANSIT,BEV,0.0,0.0
2024 GENESIS G80,BEV,0.0,0.0
2024 GENESIS GV60,BEV,0.0,0.0
2024 GENESIS GV70,BEV,0.0,0.0
2024 GMC HUMMER EV PICKUP,BEV,0.0,0.0
2024 GMC HUMMER EV SUV,BEV,0.0,0.0
2024 HONDA PROLOGUE,BEV,0.0,0.0
2024 HYUNDAI IONIQ 5,BEV,0.0,0.0
2024 HYUNDAI IONIQ 6,BEV,0.0,0.0
2024 HYUNDAI KONA,BEV,0.0,0.0
2024 HYUNDAI TUCSON,PHEV,0.0,33.0
2024 JAGUAR I-PACE,BEV,0.0,0.0
2024 JEEP GRAND CHEROKEE,PHEV,0.0,25.0
2024 JEEP WAGONEER S,BEV,0.0,0.0
2024 JEEP WRANGLER,PHEV,0.0,21.0
2024 KIA EV6,BEV,0.0,0.0
2024 KIA EV9,BEV,0.0,0.0
2024 KIA NIRO,BEV,0.0,0.0
2024 KIA NIRO,PHEV,0.0,33.0
2024 KIA SORENTO,PHEV,0.0,32.0
2024 KIA SPORTAGE,PHEV,0.0,34.0
2024 LAMBORGHINI REVUELTO,PHEV,0.0,6.0
2024 LAND ROVER RANGE ROVER,PHEV,0.0,59.0
2024 LAND ROVER RANGE ROVER SPORT,PHEV,0.0,59.0
2024 LEXUS NX,PHEV,0.0,37.0
2024 LEXUS RX,PHEV,0.0,37.0
2024 LEXUS RZ,BEV,0.0,0.0
2024 LEXUS TX,PHEV,0.0,33.0
2024 LINCOLN CORSAIR,PHEV,0.0,28.0
2024 LUCID AIR,BEV,0.0,0.0
2024 MAZDA CX-90,PHEV,0.0,26.0
2024 MERCEDES-BENZ EQB-CLASS,BEV,0.0,0.0
2024 MERCEDES-BENZ EQE-CLASS SEDAN,BEV,0.0,0.0
2024 MERCEDES-BENZ EQE-CLASS SUV,BEV,0.0,0.0
2024 MERCEDES-BENZ EQS-CLASS SEDAN,BEV,0.0,0.0
2024 MERCEDES-BENZ EQS-CLASS SUV,BEV,0.0,0.0
2024 MERCEDES-BENZ ESPRINTER,BEV,0.0,0.0
2024 MERCEDES-BENZ GLE-CLASS,PHEV,0.0,48.0
2024 MERCEDES-BENZ S-CLASS,PHEV,0.0,46.0
2024 MINI HARDTOP,BEV,0.0,0.0
2024 MITSUBISHI OUTLANDER,PHEV,0.0,38.0
2024 MULLEN AUTOMOTIVE INC. ONE,BEV,0.0,0.0
2024 NISSAN ARIYA,BEV,0.0,0.0
2024 NISSAN LEAF,BEV,0.0,0.0
2024 POLESTAR PS2,BEV,0.0,0.0
2024 PORSCHE CAYENNE,PHEV,0.0,43.0
2024 PORSCHE MACAN,BEV,0.0,288.0
2024 PORSCHE TAYCAN,BEV,0.0,0.0
2024 RAM PROMASTER 3500,BEV,0.0,0.0
2024 RIVIAN EDV,BEV,0.0,0.0
2024 RIVIAN R1S,BEV,0.0,0.0
2024 RIVIAN R1T,BEV,0.0,0.0
2024 RIVIAN RCV,BEV,0.0,0.0
2024 ROLLS-ROYCE SPECTRE,BEV,0.0,0.0
2024 SUBARU SOLTERRA,BEV,0.0,0.0
2024 TESLA CYBERTRUCK,BEV,0.0,0.0
2024 TESLA MODEL 3,BEV,0.0,0.0
2024 TESLA MODEL S,BEV,0.0,0.0
2024 TESLA MODEL X,BEV,0.0,0.0
2024 TESLA MODEL Y,BEV,0.0,0.0
2024 TOYOTA BZ4X,BEV,0.0,0.0
2024 TOYOTA PRIUS PRIME (PHEV),PHEV,0.0,39.0
2024 TOYOTA RAV4 PRIME (PHEV),PHEV,0.0,42.0
2024 VINFAST VF 8,BEV,0.0,0.0
2024 VOLKSWAGEN ID.4,BEV,0.0,0.0
2024 VOLVO C40,BEV,0.0,0.0
2024 VOLVO S60,PHEV,0.0,41.0
2024 VOLVO S90,PHEV,0.0,38.0
2024 VOLVO V60,PHEV,0.0,41.0
2024 VOLVO XC40,BEV,0.0,0.0
2024 VOLVO XC60,PHEV,0.0,35.0
2024 VOLVO XC90,PHEV,0.0,32.0
2025 ALFA ROMEO TONALE,PHEV,0.0,33.0
2025 AUDI Q4,BEV,0.0,0.0
2025 AUDI Q5 E,PHEV,0.0,28.0
2025 AUDI Q6,BEV,0.0,0.0
2025 AUDI RS E-TRON GT,BEV,0.0,0.0
2025 AUDI S E-TRON GT,BEV,0.0,0.0
2025 AUDI S6,BEV,0.0,0.0
2025 AUDI SQ6,BEV,0.0,0.0
2025 BENTLEY CONTINENTAL,PHEV,0.0,50.0
2025 BENTLEY FLYING SPUR,PHEV,0.0,45.0
2025 BMW 550E,PHEV,0.0,40.0
2025 BMW I4,BEV,0.0,0.0
2025 BMW I5,BEV,0.0,0.0
2025 BMW I7,BEV,0.0,0.0
2025 BMW IX,BEV,0.0,0.0
2025 BMW M5,PHEV,0.0,25.0
2025 BMW X5,PHEV,0.0,40.0
2025 BMW XM,PHEV,0.0,31.0
2025 CADILLAC LYRIQ,BEV,0.0,0.0
2025 CADILLAC OPTIQ,BEV,0.0,0.0
2025 CHEVROLET BLAZER,BEV,0.0,0.0
2025 CHEVROLET BRIGHTDROP,BEV,0.0,0.0
2025 CHEVROLET EQUINOX,BEV,0.0,0.0
2025 CHEVROLET SILVERADO,BEV,0.0,0.0
2025 CHRYSLER PACIFICA,PHEV,0.0,32.0
2025 DODGE CHARGER,BEV,0.0,0.0
2025 FORD ESCAPE,PHEV,0.0,37.0
2025 FORD F-150,BEV,0.0,0.0
2025 FORD MUSTANG MACH-E,BEV,0.0,0.0
2025 FORD TRANSIT,BEV,0.0,0.0
2025 GENESIS GV60,BEV,0.0,0.0
2025 GENESIS GV70,BEV,0.0,0.0
2025 GMC HUMMER EV PICKUP,BEV,0.0,0.0
2025 GMC HUMMER EV SUV,BEV,0.0,0.0
2025 GMC SIERRA,BEV,0.0,0.0
2025 HONDA PROLOGUE,BEV,0.0,0.0
2025 HYUNDAI IONIQ 5,BEV,0.0,0.0
2025 HYUNDAI IONIQ 5 N,BEV,0.0,0.0
2025 HYUNDAI IONIQ 6,BEV,0.0,0.0
2025 HYUNDAI KONA,BEV,0.0,0.0
2025 HYUNDAI TUCSON,PHEV,0.0,32.0
2025 JEEP GRAND CHEROKEE,PHEV,0.0,25.0
2025 JEEP WAGONEER S,BEV,0.0,0.0
2025 JEEP WRANGLER,PHEV,0.0,21.0
2025 KIA EV6,BEV,0.0,0.0
2025 KIA EV9,BEV,0.0,0.0
2025 KIA NIRO,BEV,0.0,0.0
2025 KIA NIRO,PHEV,0.0,33.0
2025 KIA SORENTO,PHEV,0.0,30.0
2025 KIA SPORTAGE,PHEV,0.0,34.0
2025 LAMBORGHINI REVUELTO,PHEV,,
2025 LAMBORGHINI URUS,PHEV,0.0,37.0
2025 LAND ROVER RANGE ROVER,PHEV,0.0,58.0
2025 LAND ROVER RANGE ROVER SPORT,PHEV,0.0,60.0
2025 LEXUS NX,PHEV,0.0,37.0
2025 LEXUS RX,PHEV,0.0,37.0
2025 LEXUS RZ,BEV,0.0,0.0
2025 LEXUS TX,PHEV,0.0,33.0
2025 LINCOLN CORSAIR,PHEV,0.0,27.0
2025 LUCID AIR,BEV,0.0,0.0
2025 MAZDA CX-70,PHEV,0.0,26.0
2025 MAZDA CX-90,PHEV,0.0,26.0
2025 MERCEDES-BENZ AMG GT,PHEV,0.0,1.0
2025 MERCEDES-BENZ C-CLASS,PHEV,0.0,1.0
2025 MERCEDES-BENZ E-CLASS,PHEV,0.0,43.0
2025 MERCEDES-BENZ EQB-CLASS,BEV,0.0,0.0
2025 MERCEDES-BENZ EQE-CLASS SEDAN,BEV,0.0,0.0
2025 MERCEDES-BENZ EQE-CLASS SUV,BEV,0.0,0.0
2025 MERCEDES-BENZ EQS-CLASS SEDAN,BEV,0.0,0.0
2025 MERCEDES-BENZ EQS-CLASS SUV,BEV,0.0,0.0
2025 MERCEDES-BENZ ESPRINTER,BEV,0.0,0.0
2025 MERCEDES-BENZ G-CLASS,BEV,0.0,0.0
2025 MERCEDES-BENZ GLC-CLASS,PHEV,0.0,54.0
2025 MERCEDES-BENZ GLE-CLASS,PHEV,0.0,49.0
2025 MERCEDES-BENZ S-CLASS,PHEV,0.0,16.0
2025 MERCEDES-BENZ SL-CLASS,PHEV,0.0,1.0
2025 MINI COUNTRYMAN,BEV,0.0,0.0
2025 MITSUBISHI OUTLANDER,PHEV,0.0,38.0
2025 NISSAN ARIYA,BEV,0.0,0.0
2025 NISSAN LEAF,BEV,0.0,0.0
2025 POLESTAR POLESTAR 3,BEV,0.0,0.0
2025 POLESTAR PS2,BEV,0.0,0.0
2025 PORSCHE CAYENNE,PHEV,0.0,29.0
2025 PORSCHE MACAN,BEV,0.0,0.0
2025 PORSCHE PANAMERA,PHEV,0.0,28.0
2025 PORSCHE TAYCAN,BEV,0.0,0.0
2025 RIVIAN EDV,BEV,0.0,0.0
2025 RIVIAN R1S,BEV,0.0,0.0
2025 RIVIAN R1T,BEV,0.0,0.0
2025 ROLLS-ROYCE SPECTRE,BEV,0.0,0.0
2025 SUBARU SOLTERRA,BEV,0.0,0.0
2025 TESLA CYBERTRUCK,BEV,0.0,0.0
2025 TESLA MODEL 3,BEV,0.0,0.0
2025 TESLA MODEL S,BEV,0.0,0.0
2025 TESLA MODEL X,BEV,0.0,0.0
2025 TESLA MODEL Y,BEV,0.0,0.0
2025 TOYOTA BZ4X,BEV,0.0,0.0
2025 TOYOTA PRIUS PRIME (PHEV),PHEV,0.0,39.0
2025 TOYOTA RAV4 PRIME (PHEV),PHEV,0.0,42.0
2025 VOLKSWAGEN ID. BUZZ,BEV,0.0,0.0
2025 VOLKSWAGEN ID.4,BEV,0.0,0.0
2025 VOLVO EX30,BEV,0.0,0.0
2025 VOLVO EX40,BEV,0.0,0.0
2025 VOLVO EX90,BEV,0.0,0.0
2025 VOLVO S60,PHEV,0.0,41.0
2025 VOLVO V60,PHEV,0.0,41.0
2025 VOLVO XC60,PHEV,0.0,35.0
2025 VOLVO XC90,PHEV,0.0,32.0
2026 BMW 550E,PHEV,0.0,33.0
2026 BMW I5,BEV,0.0,0.0
2026 BMW IX,BEV,0.0,0.0
2026 BMW M5,PHEV,0.0,25.0
2026 BMW X5,PHEV,0.0,38.0
2026 CADILLAC LYRIQ,BEV,0.0,0.0
2026 CADILLAC VISTIQ,BEV,0.0,0.0
2026 CHEVROLET SILVERADO,BEV,0.0,0.0
2026 GENESIS GV70,BEV,0.0,0.0
2026 HYUNDAI IONIQ 9,BEV,0.0,0.0
2026 KIA EV9,BEV,0.0,0.0
2026 TESLA MODEL S,BEV,0.0,0.0
2026 TESLA MODEL X,BEV,0.0,0.0
2026 TESLA MODEL Y,BEV,0.0,0.0
2026 VOLVO XC60,PHEV,0.0,35.0
