County,Latitude,Longitude,Year,Make,Model,Vehicle Type,CAFV Eligibility,Year_Make_Model,POP_2025,Median Income,MSRP,Dest. Charge,Tax Credit,Effective Price,Electric Range
king,47.67887,-122.2066,2024,ACURA,ZDX,BEV,Unknown,2024 ACURA ZDX,2411700,154490,0,0,0,0,0
king,47.49408,-122.36178,2024,ALFA ROMEO,TONALE,PHEV,Eligible,2024 ALFA ROMEO TONALE,2411700,154490,0,0,0,0,33
king,47.72656,-122.30253,2025,ALFA ROMEO,TONALE,PHEV,Eligible,2025 ALFA ROMEO TONALE,2411700,154490,0,0,0,0,33
king,47.54748,-122.00292,2024,AUDI,Q4,BEV,Unknown,2024 AUDI Q4,2411700,154490,0,0,0,0,0
snohomish,47.8623,-121.81688,2024,AUDI,SQ8,BEV,Unknown,2024 AUDI SQ8,873800,127475,0,0,0,0,0
snohomish,48.01497,-122.06402,2024,AUDI,Q8,BEV,Unknown,2024 AUDI Q8,873800,127475,0,0,0,0,0
spokane,47.7333,-117.45005,2024,AUDI,Q5 E,PHEV,Not eligible,2024 AUDI Q5 E,566000,94226,0,0,0,0,23
whatcom,48.84787,-122.5945,2024,AUDI,RS E-TRON GT,BEV,Unknown,2024 AUDI RS E-TRON GT,240500,102596,0,0,0,0,0
king,47.70044,-122.38418,2023,AUDI,E-TRON GT,BEV,Unknown,2023 AUDI E-TRON GT,2411700,154490,0,0,0,0,0
king,47.64085,-122.30207,2023,AUDI,Q5 E,PHEV,Not eligible,2023 AUDI Q5 E,2411700,154490,0,0,0,0,23
king,47.64085,-122.30207,2023,AUDI,E-TRON,BEV,Unknown,2023 AUDI E-TRON,2411700,154490,0,0,0,0,0
king,47.71871,-122.35029,2023,AUDI,Q4,BEV,Unknown,2023 AUDI Q4,2411700,154490,0,0,0,0,0
king,47.55115,-122.2668,2023,AUDI,RS E-TRON GT,BEV,Unknown,2023 AUDI RS E-TRON GT,2411700,154490,0,0,0,0,0
king,47.44929,-122.4573,2025,AUDI,Q6,BEV,Unknown,2025 AUDI Q6,2411700,154490,0,0,0,0,0
snohomish,47.83448,-122.21061,2025,AUDI,Q4,BEV,Unknown,2025 AUDI Q4,873800,127475,0,0,0,0,0
franklin,46.23542,-119.09467,2025,AUDI,Q5 E,PHEV,Not eligible,2025 AUDI Q5 E,103250,88256,0,0,0,0,28
pierce,47.19045,-122.29521,2025,AUDI,SQ6,BEV,Unknown,2025 AUDI SQ6,959900,111126,0,0,0,0,0
king,47.49348,-121.7831,2025,AUDI,S E-TRON GT,BEV,Unknown,2025 AUDI S E-TRON GT,2411700,154490,0,0,0,0,0
king,47.44929,-122.4573,2025,AUDI,S6,BEV,Unknown,2025 AUDI S6,2411700,154490,0,0,0,0,0
king,47.68555,-122.03287,2025,AUDI,RS E-TRON GT,BEV,Unknown,2025 AUDI RS E-TRON GT,2411700,154490,0,0,0,0,0
king,47.70044,-122.38418,2019,AUDI,E-TRON,BEV,Eligible,2019 AUDI E-TRON,2411700,154490,0,0,0,0,204
spokane,47.63374,-117.39322,2020,AUDI,Q5 E,PHEV,Not eligible,2020 AUDI Q5 E,566000,94226,0,0,0,0,20
spokane,47.64779,-117.42571,2020,AUDI,E-TRON SPORTBACK,BEV,Eligible,2020 AUDI E-TRON SPORTBACK,566000,94226,0,0,0,0,218
snohomish,48.19471,-122.1264,2020,AUDI,A8 E,PHEV,Not eligible,2020 AUDI A8 E,873800,127475,0,0,0,0,17
king,47.68555,-122.03287,2016,AUDI,A3,PHEV,Not eligible,2016 AUDI A3,2411700,154490,0,0,0,0,16
pierce,47.28596,-122.37684,2017,AUDI,A3,PHEV,Not eligible,2017 AUDI A3,959900,111126,0,0,0,0,16
snohomish,47.83448,-122.21061,2018,AUDI,A3,PHEV,Not eligible,2018 AUDI A3,873800,127475,0,0,0,0,16
king,47.56812,-121.89086,2022,AUDI,E-TRON SPORTBACK,BEV,Unknown,2022 AUDI E-TRON SPORTBACK,2411700,154490,0,0,0,0,0
king,47.57816,-122.21238,2022,AUDI,E-TRON,BEV,Unknown,2022 AUDI E-TRON,2411700,154490,0,0,0,0,0
king,47.65908,-122.40092,2022,AUDI,RS E-TRON GT,BEV,Unknown,2022 AUDI RS E-TRON GT,2411700,154490,0,0,0,0,0
snohomish,47.8031,-122.18384,2022,AUDI,Q5,PHEV,Not eligible,2022 AUDI Q5,873800,127475,0,0,0,0,23
king,47.74068,-121.98609,2022,AUDI,Q4,BEV,Unknown,2022 AUDI Q4,2411700,154490,0,0,0,0,0
king,47.60803,-122.31009,2021,AUDI,Q5 E,PHEV,Not eligible,2021 AUDI Q5 E,2411700,154490,0,0,0,0,18
snohomish,48.24159,-122.37265,2021,AUDI,A7 E,PHEV,Not eligible,2021 AUDI A7 E,873800,127475,0,0,0,0,24
whatcom,48.72052,-122.68326,2011,AZURE DYNAMICS,TRANSIT CONNECT ELECTRIC,BEV,Eligible,2011 AZURE DYNAMICS TRANSIT CONNECT ELECTRIC,240500,102596,0,0,0,0,56
clark,45.81539,-122.74595,2025,BENTLEY,CONTINENTAL,PHEV,Eligible,2025 BENTLEY CONTINENTAL,542400,108973,0,0,0,0,50
king,47.61001,-122.1872,2025,BENTLEY,FLYING SPUR,PHEV,Eligible,2025 BENTLEY FLYING SPUR,2411700,154490,0,0,0,0,45
clark,45.58694,-122.40199,2024,BENTLEY,BENTAYGA,PHEV,Not eligible,2024 BENTLEY BENTAYGA,542400,108973,0,0,0,0,28
yakima,46.60464,-120.50729,2022,BENTLEY,FLYING SPUR,PHEV,Not eligible,2022 BENTLEY FLYING SPUR,264650,76662,0,0,0,0,21
snohomish,47.89908,-122.29196,2021,BENTLEY,BENTAYGA,PHEV,Not eligible,2021 BENTLEY BENTAYGA,873800,127475,0,0,0,0,17
benton,46.27391,-119.27372,2023,BENTLEY,BENTAYGA,PHEV,Not eligible,2023 BENTLEY BENTAYGA,219625,103290,0,0,0,0,23
king,47.72201,-122.22901,2024,BMW,IX,BEV,Unknown,2024 BMW IX,2411700,154490,0,0,0,0,0
king,47.54748,-122.00292,2024,BMW,X5,PHEV,Eligible,2024 BMW X5,2411700,154490,0,0,0,0,39
king,47.49461,-122.23825,2024,BMW,I4,BEV,Unknown,2024 BMW I4,2411700,154490,0,0,0,0,0
king,47.64441,-122.1621,2024,BMW,I5,BEV,Unknown,2024 BMW I5,2411700,154490,0,0,0,0,0
king,47.72656,-122.30253,2024,BMW,330E,PHEV,Not eligible,2024 BMW 330E,2411700,154490,0,0,0,0,20
king,47.67858,-122.13158,2024,BMW,I7,BEV,Unknown,2024 BMW I7,2411700,154490,0,0,0,0,0
king,47.50314,-122.3317,2024,BMW,XM,PHEV,Eligible,2024 BMW XM,2411700,154490,0,0,0,0,31
pierce,47.328,-122.58009,2024,BMW,750E,PHEV,Eligible,2024 BMW 750E,959900,111126,0,0,0,0,36
king,47.61334,-122.12056,2023,BMW,530E,PHEV,Not eligible,2023 BMW 530E,2411700,154490,0,0,0,0,21
king,47.55584,-122.12096,2023,BMW,330E,PHEV,Not eligible,2023 BMW 330E,2411700,154490,0,0,0,0,20
king,47.57894,-122.41067,2023,BMW,I4,BEV,Unknown,2023 BMW I4,2411700,154490,0,0,0,0,0
king,47.57894,-122.41067,2023,BMW,IX,BEV,Unknown,2023 BMW IX,2411700,154490,0,0,0,0,0
king,47.67596,-122.35436,2023,BMW,X5,PHEV,Eligible,2023 BMW X5,2411700,154490,0,0,0,0,30
king,47.61001,-122.1872,2023,BMW,I7,BEV,Unknown,2023 BMW I7,2411700,154490,0,0,0,0,0
kitsap,47.50524,-122.68471,2025,BMW,X5,PHEV,Eligible,2025 BMW X5,288900,114590,0,0,0,0,40
king,47.61001,-122.1872,2025,BMW,I4,BEV,Unknown,2025 BMW I4,2411700,154490,0,0,0,0,0
king,47.57816,-122.21238,2025,BMW,IX,BEV,Unknown,2025 BMW IX,2411700,154490,0,0,0,0,0
king,47.55115,-122.2668,2025,BMW,I5,BEV,Unknown,2025 BMW I5,2411700,154490,0,0,0,0,0
king,47.67858,-122.13158,2025,BMW,M5,PHEV,Not eligible,2025 BMW M5,2411700,154490,0,0,0,0,25
king,47.40173,-122.3219,2025,BMW,XM,PHEV,Eligible,2025 BMW XM,2411700,154490,0,0,0,0,31
king,47.63824,-122.35022,2025,BMW,550E,PHEV,Eligible,2025 BMW 550E,2411700,154490,0,0,0,0,40
pierce,47.19175,-122.17144,2025,BMW,I7,BEV,Unknown,2025 BMW I7,959900,111126,0,0,0,0,0
thurston,47.03954,-122.89165,2026,BMW,X5,PHEV,Eligible,2026 BMW X5,309100,111908,0,0,0,0,38
king,47.67858,-122.13158,2026,BMW,IX,BEV,Unknown,2026 BMW IX,2411700,154490,0,0,0,0,0
king,47.70044,-122.38418,2026,BMW,I5,BEV,Unknown,2026 BMW I5,2411700,154490,0,0,0,0,0
king,47.63824,-122.35022,2026,BMW,M5,PHEV,Not eligible,2026 BMW M5,2411700,154490,0,0,0,0,25
king,47.67887,-122.2066,2026,BMW,550E,PHEV,Eligible,2026 BMW 550E,2411700,154490,0,0,0,0,33
king,47.44929,-122.4573,2017,BMW,I3,PHEV,Eligible,2017 BMW I3,2411700,154490,0,0,0,0,97
clark,45.62158,-122.59219,2017,BMW,X5,PHEV,Not eligible,2017 BMW X5,542400,108973,0,0,0,0,14
king,47.44929,-122.4573,2018,BMW,I3,PHEV,Eligible,2018 BMW I3,2411700,154490,0,0,0,0,97
spokane,47.65878,-117.21264,2018,BMW,X5,PHEV,Not eligible,2018 BMW X5,566000,94226,0,0,0,0,13
king,47.61085,-122.34223,2017,BMW,I8,PHEV,Not eligible,2017 BMW I8,2411700,154490,0,0,0,0,14
king,47.68156,-122.31676,2019,BMW,I3,PHEV,Eligible,2019 BMW I3,2411700,154490,0,0,0,0,126
king,47.5301,-122.03439,2019,BMW,I8,PHEV,Not eligible,2019 BMW I8,2411700,154490,0,0,0,0,17
pierce,47.23451,-122.53166,2020,BMW,530E,PHEV,Not eligible,2020 BMW 530E,959900,111126,0,0,0,0,20
king,47.75448,-122.15545,2020,BMW,X3,PHEV,Not eligible,2020 BMW X3,2411700,154490,0,0,0,0,17
king,47.48852,-122.15716,2020,BMW,I3,PHEV,Eligible,2020 BMW I3,2411700,154490,0,0,0,0,126
clark,45.81539,-122.74595,2020,BMW,745E,PHEV,Not eligible,2020 BMW 745E,542400,108973,0,0,0,0,16
pierce,47.24898,-122.32172,2014,BMW,I3,BEV,Eligible,2014 BMW I3,959900,111126,0,0,0,0,81
benton,46.31484,-119.26844,2014,BMW,I8,PHEV,Not eligible,2014 BMW I8,219625,103290,0,0,0,0,14
kitsap,47.57192,-122.65223,2015,BMW,I3,PHEV,Eligible,2015 BMW I3,288900,114590,0,0,0,0,72
pierce,47.21584,-122.41249,2015,BMW,I8,PHEV,Not eligible,2015 BMW I8,959900,111126,0,0,0,0,14
snohomish,48.24159,-122.37265,2016,BMW,I8,PHEV,Not eligible,2016 BMW I8,873800,127475,0,0,0,0,14
king,47.66127,-122.31307,2016,BMW,X5,PHEV,Not eligible,2016 BMW X5,2411700,154490,0,0,0,0,14
king,47.63433,-122.32427,2016,BMW,I3,PHEV,Eligible,2016 BMW I3,2411700,154490,0,0,0,0,72
king,47.72201,-122.22901,2022,BMW,X5,PHEV,Eligible,2022 BMW X5,2411700,154490,0,0,0,0,30
pierce,47.29238,-122.51134,2022,BMW,530E,PHEV,Not eligible,2022 BMW 530E,959900,111126,0,0,0,0,18
chelan,47.41494,-120.30522,2022,BMW,IX,BEV,Unknown,2022 BMW IX,82900,91893,0,0,0,0,0
grant,47.13196,-119.2771,2022,BMW,I4,BEV,Unknown,2022 BMW I4,106250,79271,0,0,0,0,0
pierce,47.23451,-122.53166,2022,BMW,330E,PHEV,Not eligible,2022 BMW 330E,959900,111126,0,0,0,0,22
king,47.49348,-121.7831,2022,BMW,745LE,PHEV,Not eligible,2022 BMW 745LE,2411700,154490,0,0,0,0,16
king,47.54748,-122.00292,2021,BMW,X5,PHEV,Eligible,2021 BMW X5,2411700,154490,0,0,0,0,30
king,47.64085,-122.30207,2021,BMW,330E,PHEV,Not eligible,2021 BMW 330E,2411700,154490,0,0,0,0,20
king,47.60326,-122.02054,2021,BMW,X3,PHEV,Not eligible,2021 BMW X3,2411700,154490,0,0,0,0,17
king,47.75781,-122.3175,2021,BMW,530E,PHEV,Not eligible,2021 BMW 530E,2411700,154490,0,0,0,0,18
clark,45.81539,-122.74595,2021,BMW,745E,PHEV,Not eligible,2021 BMW 745E,542400,108973,0,0,0,0,16
king,47.46233,-122.32863,2023,BRIGHTDROP,ZEVO,BEV,Unknown,2023 BRIGHTDROP ZEVO,2411700,154490,0,0,0,0,0
king,47.46233,-122.32863,2024,BRIGHTDROP,ZEVO,BEV,Unknown,2024 BRIGHTDROP ZEVO,2411700,154490,0,0,0,0,0
king,47.68555,-122.03287,2025,CADILLAC,OPTIQ,BEV,Unknown,2025 CADILLAC OPTIQ,2411700,154490,0,0,0,0,0
pierce,47.21584,-122.41249,2025,CADILLAC,LYRIQ,BEV,Unknown,2025 CADILLAC LYRIQ,959900,111126,0,0,0,0,0
king,47.67887,-122.2066,2024,CADILLAC,LYRIQ,BEV,Unknown,2024 CADILLAC LYRIQ,2411700,154490,0,0,0,0,0
king,47.47532,-122.20489,2026,CADILLAC,VISTIQ,BEV,Unknown,2026 CADILLAC VISTIQ,2411700,154490,0,0,0,0,0
snohomish,47.82557,-122.29245,2026,CADILLAC,LYRIQ,BEV,Unknown,2026 CADILLAC LYRIQ,873800,127475,0,0,0,0,0
king,47.50006,-122.1805,2016,CADILLAC,ELR,PHEV,Eligible,2016 CADILLAC ELR,2411700,154490,0,0,0,0,40
thurston,47.05997,-122.87741,2014,CADILLAC,ELR,PHEV,Eligible,2014 CADILLAC ELR,309100,111908,0,0,0,0,37
kittitas,47.195,-120.93943,2023,CADILLAC,LYRIQ,BEV,Unknown,2023 CADILLAC LYRIQ,48950,99709,0,0,0,0,0
snohomish,47.8526,-121.98087,2020,CHEVROLET,BOLT EV,BEV,Eligible,2020 CHEVROLET BOLT EV,873800,127475,0,0,0,0,259
king,47.67597,-122.38591,2019,CHEVROLET,BOLT EV,BEV,Eligible,2019 CHEVROLET BOLT EV,2411700,154490,0,0,0,0,238
king,47.61001,-122.1872,2019,CHEVROLET,VOLT,PHEV,Eligible,2019 CHEVROLET VOLT,2411700,154490,0,0,0,0,53
king,47.67858,-122.13158,2018,CHEVROLET,VOLT,PHEV,Eligible,2018 CHEVROLET VOLT,2411700,154490,0,0,0,0,53
pierce,47.17303,-122.59802,2018,CHEVROLET,BOLT EV,BEV,Eligible,2018 CHEVROLET BOLT EV,959900,111126,0,0,0,0,238
thurston,47.03954,-122.89165,2024,CHEVROLET,SILVERADO,BEV,Unknown,2024 CHEVROLET SILVERADO,309100,111908,0,0,0,0,0
snohomish,47.87115,-122.1389,2024,CHEVROLET,BLAZER,BEV,Unknown,2024 CHEVROLET BLAZER,873800,127475,0,0,0,0,0
benton,46.29696,-119.33836,2024,CHEVROLET,EQUINOX,BEV,Unknown,2024 CHEVROLET EQUINOX,219625,103290,0,0,0,0,0
pierce,47.13795,-122.2988,2025,CHEVROLET,EQUINOX,BEV,Unknown,2025 CHEVROLET EQUINOX,959900,111126,0,0,0,0,0
snohomish,48.01497,-122.06402,2025,CHEVROLET,BLAZER,BEV,Unknown,2025 CHEVROLET BLAZER,873800,127475,0,0,0,0,0
king,47.54748,-122.00292,2025,CHEVROLET,SILVERADO,BEV,Unknown,2025 CHEVROLET SILVERADO,2411700,154490,0,0,0,0,0
pierce,47.2198,-122.47913,2025,CHEVROLET,BRIGHTDROP,BEV,Unknown,2025 CHEVROLET BRIGHTDROP,959900,111126,0,0,0,0,0
king,47.41185,-122.17743,2026,CHEVROLET,SILVERADO,BEV,Unknown,2026 CHEVROLET SILVERADO,2411700,154490,0,0,0,0,0
jefferson,48.1212,-122.77263,2015,CHEVROLET,VOLT,PHEV,Eligible,2015 CHEVROLET VOLT,33825,98262,0,0,0,0,38
king,47.75892,-122.24369,2015,CHEVROLET,SPARK,BEV,Eligible,2015 CHEVROLET SPARK,2411700,154490,0,0,0,0,82
grant,46.96971,-119.04573,2016,CHEVROLET,SPARK,BEV,Eligible,2016 CHEVROLET SPARK,106250,79271,0,0,0,0,82
king,47.5301,-122.03439,2016,CHEVROLET,VOLT,PHEV,Eligible,2016 CHEVROLET VOLT,2411700,154490,0,0,0,0,53
king,47.54287,-122.35163,2014,CHEVROLET,VOLT,PHEV,Eligible,2014 CHEVROLET VOLT,2411700,154490,0,0,0,0,38
island,48.0399,-122.40618,2014,CHEVROLET,SPARK,BEV,Eligible,2014 CHEVROLET SPARK,88700,105012,0,0,0,0,82
benton,46.27391,-119.27372,2017,CHEVROLET,BOLT EV,BEV,Eligible,2017 CHEVROLET BOLT EV,219625,103290,0,0,0,0,238
benton,46.27391,-119.27372,2017,CHEVROLET,VOLT,PHEV,Eligible,2017 CHEVROLET VOLT,219625,103290,0,0,0,0,53
pierce,47.21584,-122.41249,2013,CHEVROLET,VOLT,PHEV,Eligible,2013 CHEVROLET VOLT,959900,111126,0,0,0,0,38
snohomish,47.83785,-122.27734,2012,CHEVROLET,VOLT,PHEV,Eligible,2012 CHEVROLET VOLT,873800,127475,0,0,0,0,35
king,47.64085,-122.30207,2011,CHEVROLET,VOLT,PHEV,Eligible,2011 CHEVROLET VOLT,2411700,154490,0,0,0,0,35
king,47.43473,-122.29179,2023,CHRYSLER,PACIFICA,PHEV,Eligible,2023 CHRYSLER PACIFICA,2411700,154490,0,0,0,0,32
pierce,47.10424,-122.30855,2025,CHRYSLER,PACIFICA,PHEV,Eligible,2025 CHRYSLER PACIFICA,959900,111126,0,0,0,0,32
king,47.47532,-122.20489,2024,CHRYSLER,PACIFICA,PHEV,Eligible,2024 CHRYSLER PACIFICA,2411700,154490,0,0,0,0,32
snohomish,47.89908,-122.29196,2018,CHRYSLER,PACIFICA,PHEV,Eligible,2018 CHRYSLER PACIFICA,873800,127475,0,0,0,0,33
king,47.68555,-122.03287,2020,CHRYSLER,PACIFICA,PHEV,Eligible,2020 CHRYSLER PACIFICA,2411700,154490,0,0,0,0,32
thurston,47.04437,-122.82324,2021,CHRYSLER,PACIFICA,PHEV,Eligible,2021 CHRYSLER PACIFICA,309100,111908,0,0,0,0,32
clallam,48.11892,-123.43112,2017,CHRYSLER,PACIFICA,PHEV,Eligible,2017 CHRYSLER PACIFICA,78650,84546,0,0,0,0,33
snohomish,48.19471,-122.1264,2022,CHRYSLER,PACIFICA,PHEV,Eligible,2022 CHRYSLER PACIFICA,873800,127475,0,0,0,0,32
king,47.43473,-122.29179,2024,DODGE,HORNET,PHEV,Eligible,2024 DODGE HORNET,2411700,154490,0,0,0,0,32
spokane,47.65706,-117.19631,2024,DODGE,CHARGER,BEV,Unknown,2024 DODGE CHARGER,566000,94226,0,0,0,0,0
clark,45.63248,-122.67156,2025,DODGE,CHARGER,BEV,Unknown,2025 DODGE CHARGER,542400,108973,0,0,0,0,0
king,47.30893,-122.00143,2017,FIAT,500,BEV,Eligible,2017 FIAT 500,2411700,154490,0,0,0,0,84
spokane,47.48928,-117.57445,2016,FIAT,500,BEV,Eligible,2016 FIAT 500,566000,94226,0,0,0,0,84
pierce,47.23451,-122.53166,2024,FIAT,500E,BEV,Unknown,2024 FIAT 500E,959900,111126,0,0,0,0,0
king,47.57894,-122.41067,2019,FIAT,500,BEV,Eligible,2019 FIAT 500,2411700,154490,0,0,0,0,84
snohomish,47.8526,-121.98087,2018,FIAT,500,BEV,Eligible,2018 FIAT 500,873800,127475,0,0,0,0,84
king,47.50006,-122.1805,2014,FIAT,500,BEV,Eligible,2014 FIAT 500,2411700,154490,0,0,0,0,87
king,47.49461,-122.23825,2015,FIAT,500,BEV,Eligible,2015 FIAT 500,2411700,154490,0,0,0,0,87
king,47.61001,-122.1872,2013,FIAT,500,BEV,Eligible,2013 FIAT 500,2411700,154490,0,0,0,0,87
king,47.67596,-122.35436,2023,FISKER,OCEAN,BEV,Unknown,2023 FISKER OCEAN,2411700,154490,0,0,0,0,0
king,47.54701,-122.36893,2023,FORD,MUSTANG MACH-E,BEV,Unknown,2023 FORD MUSTANG MACH-E,2411700,154490,0,0,0,0,0
king,47.54701,-122.36893,2023,FORD,F-150,BEV,Unknown,2023 FORD F-150,2411700,154490,0,0,0,0,0
king,47.61578,-122.34468,2023,FORD,TRANSIT,BEV,Unknown,2023 FORD TRANSIT,2411700,154490,0,0,0,0,0
king,47.33778,-122.09124,2023,FORD,ESCAPE,PHEV,Eligible,2023 FORD ESCAPE,2411700,154490,0,0,0,0,37
king,47.68156,-122.31676,2025,FORD,MUSTANG MACH-E,BEV,Unknown,2025 FORD MUSTANG MACH-E,2411700,154490,0,0,0,0,0
snohomish,47.83448,-122.21061,2024,FORD,F-150,BEV,Unknown,2024 FORD F-150,873800,127475,0,0,0,0,0
grant,47.31909,-119.55096,2024,FORD,ESCAPE,PHEV,Eligible,2024 FORD ESCAPE,106250,79271,0,0,0,0,37
king,47.60357,-122.32945,2024,FORD,TRANSIT,BEV,Unknown,2024 FORD TRANSIT,2411700,154490,0,0,0,0,0
king,47.75892,-122.24369,2025,FORD,F-150,BEV,Unknown,2025 FORD F-150,2411700,154490,0,0,0,0,0
thurston,47.04437,-122.82324,2025,FORD,TRANSIT,BEV,Unknown,2025 FORD TRANSIT,309100,111908,0,0,0,0,0
snohomish,47.89251,-122.18637,2025,FORD,ESCAPE,PHEV,Eligible,2025 FORD ESCAPE,873800,127475,0,0,0,0,37
king,47.63131,-122.11867,2018,FORD,FUSION,PHEV,Not eligible,2018 FORD FUSION,2411700,154490,0,0,0,0,21
pierce,47.06512,-122.41046,2016,FORD,FUSION,PHEV,Not eligible,2016 FORD FUSION,959900,111126,0,0,0,0,19
kitsap,47.73689,-122.64681,2016,FORD,C-MAX,PHEV,Not eligible,2016 FORD C-MAX,288900,114590,0,0,0,0,19
king,47.66127,-122.31307,2016,FORD,FOCUS,BEV,Eligible,2016 FORD FOCUS,2411700,154490,0,0,0,0,76
pierce,47.15258,-122.43828,2015,FORD,C-MAX,PHEV,Not eligible,2015 FORD C-MAX,959900,111126,0,0,0,0,19
king,47.60357,-122.32945,2015,FORD,FUSION,PHEV,Not eligible,2015 FORD FUSION,2411700,154490,0,0,0,0,19
king,47.3074,-122.23035,2015,FORD,FOCUS,BEV,Eligible,2015 FORD FOCUS,2411700,154490,0,0,0,0,76
king,47.33778,-122.09124,2017,FORD,FUSION,PHEV,Not eligible,2017 FORD FUSION,2411700,154490,0,0,0,0,21
king,47.72201,-122.22901,2017,FORD,FOCUS,BEV,Eligible,2017 FORD FOCUS,2411700,154490,0,0,0,0,100
king,47.72201,-122.22901,2017,FORD,C-MAX,PHEV,Not eligible,2017 FORD C-MAX,2411700,154490,0,0,0,0,20
pierce,47.09583,-122.62954,2013,FORD,C-MAX,PHEV,Not eligible,2013 FORD C-MAX,959900,111126,0,0,0,0,19
king,47.57874,-122.30866,2013,FORD,FUSION,PHEV,Not eligible,2013 FORD FUSION,2411700,154490,0,0,0,0,19
snohomish,47.87115,-122.1389,2013,FORD,FOCUS,BEV,Eligible,2013 FORD FOCUS,873800,127475,0,0,0,0,76
thurston,47.05997,-122.87741,2014,FORD,FOCUS,BEV,Eligible,2014 FORD FOCUS,309100,111908,0,0,0,0,76
spokane,47.64046,-117.64458,2014,FORD,FUSION,PHEV,Not eligible,2014 FORD FUSION,566000,94226,0,0,0,0,19
pierce,47.13959,-122.27575,2014,FORD,C-MAX,PHEV,Not eligible,2014 FORD C-MAX,959900,111126,0,0,0,0,19
whatcom,48.92009,-122.34527,2000,FORD,RANGER,BEV,Eligible,2000 FORD RANGER,240500,102596,0,0,0,0,58
clark,45.70954,-122.70303,2012,FORD,FOCUS,BEV,Eligible,2012 FORD FOCUS,542400,108973,0,0,0,0,76
king,47.43473,-122.29179,2022,FORD,TRANSIT,BEV,Unknown,2022 FORD TRANSIT,2411700,154490,0,0,0,0,0
whitman,46.73015,-117.18147,2022,FORD,ESCAPE,PHEV,Eligible,2022 FORD ESCAPE,49450,91032,0,0,0,0,38
king,47.67887,-122.2066,2022,FORD,MUSTANG MACH-E,BEV,Unknown,2022 FORD MUSTANG MACH-E,2411700,154490,0,0,0,0,0
snohomish,47.83448,-122.21061,2022,FORD,F-150,BEV,Unknown,2022 FORD F-150,873800,127475,0,0,0,0,0
kitsap,47.57192,-122.65223,2020,FORD,FUSION,PHEV,Not eligible,2020 FORD FUSION,288900,114590,0,0,0,0,26
thurston,47.05997,-122.87741,2021,FORD,ESCAPE,PHEV,Eligible,2021 FORD ESCAPE,309100,111908,0,0,0,0,38
king,47.63433,-122.32427,2019,FORD,FUSION,PHEV,Not eligible,2019 FORD FUSION,2411700,154490,0,0,0,0,26
clark,45.78092,-122.5331,2018,FORD,FOCUS,BEV,Eligible,2018 FORD FOCUS,542400,108973,0,0,0,0,100
king,47.55115,-122.2668,2024,GENESIS,GV60,BEV,Unknown,2024 GENESIS GV60,2411700,154490,0,0,0,0,0
pierce,47.26541,-122.45782,2024,GENESIS,GV70,BEV,Unknown,2024 GENESIS GV70,959900,111126,0,0,0,0,0
yakima,46.40199,-120.26226,2024,GENESIS,G80,BEV,Unknown,2024 GENESIS G80,264650,76662,0,0,0,0,0
kitsap,47.62732,-122.521,2025,GENESIS,GV70,BEV,Unknown,2025 GENESIS GV70,288900,114590,0,0,0,0,0
king,47.70044,-122.38418,2025,GENESIS,GV60,BEV,Unknown,2025 GENESIS GV60,2411700,154490,0,0,0,0,0
clark,45.70954,-122.70303,2026,GENESIS,GV70,BEV,Unknown,2026 GENESIS GV70,542400,108973,0,0,0,0,0
kitsap,47.62732,-122.521,2023,GENESIS,GV60,BEV,Unknown,2023 GENESIS GV60,288900,114590,0,0,0,0,0
king,47.75892,-122.24369,2023,GENESIS,GV70,BEV,Unknown,2023 GENESIS GV70,2411700,154490,0,0,0,0,0
king,47.43473,-122.29179,2023,GENESIS,G80,BEV,Unknown,2023 GENESIS G80,2411700,154490,0,0,0,0,0
snohomish,48.01497,-122.06402,2025,GMC,HUMMER EV SUV,BEV,Unknown,2025 GMC HUMMER EV SUV,873800,127475,0,0,0,0,0
king,47.61001,-122.1872,2025,GMC,SIERRA,BEV,Unknown,2025 GMC SIERRA,2411700,154490,0,0,0,0,0
snohomish,47.89251,-122.18637,2025,GMC,HUMMER EV PICKUP,BEV,Unknown,2025 GMC HUMMER EV PICKUP,873800,127475,0,0,0,0,0
snohomish,47.89251,-122.18637,2024,GMC,HUMMER EV SUV,BEV,Unknown,2024 GMC HUMMER EV SUV,873800,127475,0,0,0,0,0
clark,45.67871,-122.64443,2024,GMC,HUMMER EV PICKUP,BEV,Unknown,2024 GMC HUMMER EV PICKUP,542400,108973,0,0,0,0,0
king,47.54748,-122.00292,2024,HONDA,PROLOGUE,BEV,Unknown,2024 HONDA PROLOGUE,2411700,154490,0,0,0,0,0
grays harbor,46.98384,-123.60076,2025,HONDA,PROLOGUE,BEV,Unknown,2025 HONDA PROLOGUE,77750,79893,0,0,0,0,0
king,47.64586,-122.3684,2018,HONDA,CLARITY,PHEV,Eligible,2018 HONDA CLARITY,2411700,154490,0,0,0,0,47
pierce,47.00328,-122.54332,2014,HONDA,ACCORD,PHEV,Not eligible,2014 HONDA ACCORD,959900,111126,0,0,0,0,13
grays harbor,46.97982,-123.88689,2019,HONDA,CLARITY,PHEV,Eligible,2019 HONDA CLARITY,77750,79893,0,0,0,0,47
island,48.23986,-122.40049,2020,HONDA,CLARITY,PHEV,Eligible,2020 HONDA CLARITY,88700,105012,0,0,0,0,47
kitsap,47.73689,-122.64681,2021,HONDA,CLARITY,PHEV,Eligible,2021 HONDA CLARITY,288900,114590,0,0,0,0,47
king,47.68156,-122.31676,2023,HYUNDAI,SANTA FE,PHEV,Eligible,2023 HYUNDAI SANTA FE,2411700,154490,0,0,0,0,30
king,47.70044,-122.38418,2023,HYUNDAI,IONIQ 5,BEV,Unknown,2023 HYUNDAI IONIQ 5,2411700,154490,0,0,0,0,0
pierce,47.26541,-122.45782,2023,HYUNDAI,IONIQ 6,BEV,Unknown,2023 HYUNDAI IONIQ 6,959900,111126,0,0,0,0,0
whatcom,48.75245,-122.47107,2023,HYUNDAI,KONA,BEV,Unknown,2023 HYUNDAI KONA,240500,102596,0,0,0,0,0
clallam,48.11892,-123.43112,2023,HYUNDAI,TUCSON,PHEV,Eligible,2023 HYUNDAI TUCSON,78650,84546,0,0,0,0,33
skagit,48.41566,-122.32355,2024,HYUNDAI,TUCSON,PHEV,Eligible,2024 HYUNDAI TUCSON,134600,99179,0,0,0,0,33
pierce,47.328,-122.58009,2024,HYUNDAI,KONA,BEV,Unknown,2024 HYUNDAI KONA,959900,111126,0,0,0,0,0
pierce,47.34235,-122.58964,2025,HYUNDAI,IONIQ 5,BEV,Unknown,2025 HYUNDAI IONIQ 5,959900,111126,0,0,0,0,0
king,47.68156,-122.31676,2025,HYUNDAI,KONA,BEV,Unknown,2025 HYUNDAI KONA,2411700,154490,0,0,0,0,0
king,47.72656,-122.30253,2025,HYUNDAI,IONIQ 6,BEV,Unknown,2025 HYUNDAI IONIQ 6,2411700,154490,0,0,0,0,0
king,47.70044,-122.38418,2025,HYUNDAI,TUCSON,PHEV,Eligible,2025 HYUNDAI TUCSON,2411700,154490,0,0,0,0,32
king,47.75781,-122.3175,2025,HYUNDAI,IONIQ 5 N,BEV,Unknown,2025 HYUNDAI IONIQ 5 N,2411700,154490,0,0,0,0,0
king,47.71871,-122.35029,2026,HYUNDAI,IONIQ 9,BEV,Unknown,2026 HYUNDAI IONIQ 9,2411700,154490,0,0,0,0,0
kitsap,47.5752,-122.61136,2022,HYUNDAI,KONA,BEV,Unknown,2022 HYUNDAI KONA,288900,114590,0,0,0,0,0
pierce,47.21584,-122.41249,2022,HYUNDAI,IONIQ 5,BEV,Unknown,2022 HYUNDAI IONIQ 5,959900,111126,0,0,0,0,0
pierce,47.16568,-122.40872,2022,HYUNDAI,SANTA FE,PHEV,Eligible,2022 HYUNDAI SANTA FE,959900,111126,0,0,0,0,31
skagit,48.46846,-122.33029,2022,HYUNDAI,TUCSON,PHEV,Eligible,2022 HYUNDAI TUCSON,134600,99179,0,0,0,0,33
whatcom,48.99404,-122.74888,2022,HYUNDAI,IONIQ,PHEV,Not eligible,2022 HYUNDAI IONIQ,240500,102596,0,0,0,0,29
whatcom,48.9429,-122.45079,2021,HYUNDAI,KONA,BEV,Unknown,2021 HYUNDAI KONA,240500,102596,0,0,0,0,0
snohomish,48.06114,-122.1769,2021,HYUNDAI,IONIQ,BEV,Unknown,2021 HYUNDAI IONIQ,873800,127475,0,0,0,0,0
snohomish,47.83448,-122.21061,2020,HYUNDAI,IONIQ,PHEV,Not eligible,2020 HYUNDAI IONIQ,873800,127475,0,0,0,0,29
jefferson,48.1212,-122.77263,2020,HYUNDAI,KONA,BEV,Eligible,2020 HYUNDAI KONA,33825,98262,0,0,0,0,258
pierce,47.38336,-122.6658,2019,HYUNDAI,KONA,BEV,Eligible,2019 HYUNDAI KONA,959900,111126,0,0,0,0,258
pierce,47.28596,-122.37684,2019,HYUNDAI,IONIQ,BEV,Eligible,2019 HYUNDAI IONIQ,959900,111126,0,0,0,0,124
clark,45.71668,-122.62731,2019,HYUNDAI,SONATA,PHEV,Not eligible,2019 HYUNDAI SONATA,542400,108973,0,0,0,0,28
clark,45.60365,-122.49212,2017,HYUNDAI,SONATA,PHEV,Not eligible,2017 HYUNDAI SONATA,542400,108973,0,0,0,0,27
san juan,48.53448,-123.01648,2017,HYUNDAI,IONIQ,BEV,Eligible,2017 HYUNDAI IONIQ,18550,104737,0,0,0,0,124
king,47.71871,-122.35029,2018,HYUNDAI,IONIQ,PHEV,Not eligible,2018 HYUNDAI IONIQ,2411700,154490,0,0,0,0,29
cowlitz,46.14681,-122.95058,2016,HYUNDAI,SONATA,PHEV,Not eligible,2016 HYUNDAI SONATA,114500,86738,0,0,0,0,27
king,47.64441,-122.1621,2022,JAGUAR,I-PACE,BEV,Unknown,2022 JAGUAR I-PACE,2411700,154490,0,0,0,0,0
king,47.67858,-122.13158,2019,JAGUAR,I-PACE,BEV,Eligible,2019 JAGUAR I-PACE,2411700,154490,0,0,0,0,234
king,47.65908,-122.40092,2024,JAGUAR,I-PACE,BEV,Unknown,2024 JAGUAR I-PACE,2411700,154490,0,0,0,0,0
pierce,47.16299,-122.02523,2023,JAGUAR,I-PACE,BEV,Unknown,2023 JAGUAR I-PACE,959900,111126,0,0,0,0,0
thurston,46.94239,-122.60735,2024,JEEP,WRANGLER,PHEV,Not eligible,2024 JEEP WRANGLER,309100,111908,0,0,0,0,21
king,47.67858,-122.13158,2024,JEEP,GRAND CHEROKEE,PHEV,Not eligible,2024 JEEP GRAND CHEROKEE,2411700,154490,0,0,0,0,25
king,47.57874,-122.30866,2024,JEEP,WAGONEER S,BEV,Unknown,2024 JEEP WAGONEER S,2411700,154490,0,0,0,0,0
king,47.46233,-122.32863,2025,JEEP,WRANGLER,PHEV,Not eligible,2025 JEEP WRANGLER,2411700,154490,0,0,0,0,21
king,47.43473,-122.29179,2025,JEEP,GRAND CHEROKEE,PHEV,Not eligible,2025 JEEP GRAND CHEROKEE,2411700,154490,0,0,0,0,25
island,48.23986,-122.40049,2025,JEEP,WAGONEER S,BEV,Unknown,2025 JEEP WAGONEER S,88700,105012,0,0,0,0,0
clark,45.63201,-122.62934,2022,JEEP,WRANGLER,PHEV,Not eligible,2022 JEEP WRANGLER,542400,108973,0,0,0,0,22
king,47.60326,-122.02054,2022,JEEP,GRAND CHEROKEE,PHEV,Not eligible,2022 JEEP GRAND CHEROKEE,2411700,154490,0,0,0,0,25
king,47.43473,-122.29179,2023,JEEP,GRAND CHEROKEE,PHEV,Not eligible,2023 JEEP GRAND CHEROKEE,2411700,154490,0,0,0,0,25
thurston,46.98876,-122.81754,2023,JEEP,WRANGLER,PHEV,Not eligible,2023 JEEP WRANGLER,309100,111908,0,0,0,0,21
kitsap,47.73689,-122.64681,2021,JEEP,WRANGLER,PHEV,Not eligible,2021 JEEP WRANGLER,288900,114590,0,0,0,0,21
clark,45.60365,-122.49212,2024,KIA,EV6,BEV,Unknown,2024 KIA EV6,542400,108973,0,0,0,0,0
snohomish,47.83448,-122.21061,2024,KIA,NIRO,PHEV,Eligible,2024 KIA NIRO,873800,127475,0,0,0,0,33
king,47.63131,-122.11867,2024,KIA,EV9,BEV,Unknown,2024 KIA EV9,2411700,154490,0,0,0,0,0
king,47.40173,-122.3219,2024,KIA,SPORTAGE,PHEV,Eligible,2024 KIA SPORTAGE,2411700,154490,0,0,0,0,34
kitsap,47.54103,-122.63847,2024,KIA,SORENTO,PHEV,Eligible,2024 KIA SORENTO,288900,114590,0,0,0,0,32
king,47.70044,-122.38418,2023,KIA,EV6,BEV,Unknown,2023 KIA EV6,2411700,154490,0,0,0,0,0
spokane,47.57261,-117.68269,2023,KIA,SPORTAGE,PHEV,Eligible,2023 KIA SPORTAGE,566000,94226,0,0,0,0,34
snohomish,47.91265,-122.09305,2023,KIA,NIRO,PHEV,Eligible,2023 KIA NIRO,873800,127475,0,0,0,0,33
adams,46.82616,-119.1742,2023,KIA,SORENTO,PHEV,Eligible,2023 KIA SORENTO,21550,70719,0,0,0,0,32
king,47.5301,-122.03439,2025,KIA,SPORTAGE,PHEV,Eligible,2025 KIA SPORTAGE,2411700,154490,0,0,0,0,34
kitsap,47.7487,-122.51843,2025,KIA,NIRO,PHEV,Eligible,2025 KIA NIRO,288900,114590,0,0,0,0,33
king,47.75781,-122.3175,2025,KIA,EV6,BEV,Unknown,2025 KIA EV6,2411700,154490,0,0,0,0,0
king,47.63824,-122.35022,2025,KIA,SORENTO,PHEV,Eligible,2025 KIA SORENTO,2411700,154490,0,0,0,0,30
king,47.46233,-122.32863,2025,KIA,EV9,BEV,Unknown,2025 KIA EV9,2411700,154490,0,0,0,0,0
pierce,47.10424,-122.30855,2026,KIA,EV9,BEV,Unknown,2026 KIA EV9,959900,111126,0,0,0,0,0
thurston,47.05997,-122.87741,2022,KIA,SORENTO,PHEV,Eligible,2022 KIA SORENTO,309100,111908,0,0,0,0,32
snohomish,48.06114,-122.1769,2022,KIA,EV6,BEV,Unknown,2022 KIA EV6,873800,127475,0,0,0,0,0
skagit,48.46846,-122.33029,2022,KIA,NIRO,BEV,Unknown,2022 KIA NIRO,134600,99179,0,0,0,0,0
king,47.55379,-122.30346,2021,KIA,NIRO,BEV,Unknown,2021 KIA NIRO,2411700,154490,0,0,0,0,0
king,47.68156,-122.31676,2020,KIA,NIRO,BEV,Eligible,2020 KIA NIRO,2411700,154490,0,0,0,0,239
snohomish,48.06114,-122.1769,2019,KIA,NIRO,PHEV,Not eligible,2019 KIA NIRO,873800,127475,0,0,0,0,26
yakima,46.59751,-120.52041,2019,KIA,OPTIMA,PHEV,Not eligible,2019 KIA OPTIMA,264650,76662,0,0,0,0,29
snohomish,48.01497,-122.06402,2019,KIA,SOUL,BEV,Unknown,2019 KIA SOUL,873800,127475,0,0,0,0,0
snohomish,47.87115,-122.1389,2018,KIA,OPTIMA,PHEV,Not eligible,2018 KIA OPTIMA,873800,127475,0,0,0,0,29
pierce,47.23451,-122.53166,2018,KIA,NIRO,PHEV,Not eligible,2018 KIA NIRO,959900,111126,0,0,0,0,26
snohomish,47.82557,-122.29245,2017,KIA,OPTIMA,PHEV,Not eligible,2017 KIA OPTIMA,873800,127475,0,0,0,0,29
snohomish,47.91265,-122.09305,2015,KIA,SOUL,BEV,Eligible,2015 KIA SOUL,873800,127475,0,0,0,0,93
king,47.60803,-122.31009,2020,KIA,OPTIMA,PHEV,Not eligible,2020 KIA OPTIMA,2411700,154490,0,0,0,0,28
king,47.67887,-122.2066,2025,LAMBORGHINI,URUS,PHEV,Eligible,2025 LAMBORGHINI URUS,2411700,154490,0,0,0,0,37
king,47.57816,-122.21238,2025,LAMBORGHINI,REVUELTO,PHEV,Eligible,2025 LAMBORGHINI REVUELTO,2411700,154490,0,0,0,0,0
spokane,47.66829,-117.1015,2024,LAMBORGHINI,REVUELTO,PHEV,Not eligible,2024 LAMBORGHINI REVUELTO,566000,94226,0,0,0,0,6
king,47.60326,-122.02054,2025,LAND ROVER,RANGE ROVER,PHEV,Eligible,2025 LAND ROVER RANGE ROVER,2411700,154490,0,0,0,0,58
king,47.60326,-122.02054,2025,LAND ROVER,RANGE ROVER SPORT,PHEV,Eligible,2025 LAND ROVER RANGE ROVER SPORT,2411700,154490,0,0,0,0,60
pierce,47.17669,-122.54764,2020,LAND ROVER,RANGE ROVER SPORT,PHEV,Not eligible,2020 LAND ROVER RANGE ROVER SPORT,959900,111126,0,0,0,0,19
spokane,47.65726,-117.41162,2020,LAND ROVER,RANGE ROVER,PHEV,Not eligible,2020 LAND ROVER RANGE ROVER,566000,94226,0,0,0,0,19
king,47.3074,-122.23035,2021,LAND ROVER,RANGE ROVER SPORT,PHEV,Not eligible,2021 LAND ROVER RANGE ROVER SPORT,2411700,154490,0,0,0,0,19
king,47.61344,-122.03539,2021,LAND ROVER,RANGE ROVER,PHEV,Not eligible,2021 LAND ROVER RANGE ROVER,2411700,154490,0,0,0,0,19
king,47.68555,-122.03287,2023,LAND ROVER,RANGE ROVER,PHEV,Eligible,2023 LAND ROVER RANGE ROVER,2411700,154490,0,0,0,0,51
king,47.68555,-122.03287,2024,LAND ROVER,RANGE ROVER SPORT,PHEV,Eligible,2024 LAND ROVER RANGE ROVER SPORT,2411700,154490,0,0,0,0,59
king,47.57874,-122.30866,2024,LAND ROVER,RANGE ROVER,PHEV,Eligible,2024 LAND ROVER RANGE ROVER,2411700,154490,0,0,0,0,59
king,47.55584,-122.12096,2023,LAND ROVER,RANGE ROVER SPORT,PHEV,Not eligible,2023 LAND ROVER RANGE ROVER SPORT,2411700,154490,0,0,0,0,19
king,47.57816,-122.21238,2024,LEXUS,RX,PHEV,Eligible,2024 LEXUS RX,2411700,154490,0,0,0,0,37
clark,45.69345,-122.55149,2024,LEXUS,TX,PHEV,Eligible,2024 LEXUS TX,542400,108973,0,0,0,0,33
pierce,47.20761,-122.53787,2024,LEXUS,RZ,BEV,Unknown,2024 LEXUS RZ,959900,111126,0,0,0,0,0
king,47.61001,-122.1872,2024,LEXUS,NX,PHEV,Eligible,2024 LEXUS NX,2411700,154490,0,0,0,0,37
pierce,47.21584,-122.41249,2025,LEXUS,RZ,BEV,Unknown,2025 LEXUS RZ,959900,111126,0,0,0,0,0
skagit,48.41644,-122.33891,2025,LEXUS,NX,PHEV,Eligible,2025 LEXUS NX,134600,99179,0,0,0,0,37
pierce,47.20144,-122.44718,2025,LEXUS,RX,PHEV,Eligible,2025 LEXUS RX,959900,111126,0,0,0,0,37
king,47.64586,-122.3684,2025,LEXUS,TX,PHEV,Eligible,2025 LEXUS TX,2411700,154490,0,0,0,0,33
king,47.61001,-122.1872,2023,LEXUS,RZ,BEV,Unknown,2023 LEXUS RZ,2411700,154490,0,0,0,0,0
clark,45.65675,-122.64695,2023,LEXUS,NX,PHEV,Eligible,2023 LEXUS NX,542400,108973,0,0,0,0,37
spokane,47.59431,-117.46996,2022,LEXUS,NX,PHEV,Eligible,2022 LEXUS NX,566000,94226,0,0,0,0,37
pierce,47.24737,-122.48271,2023,LINCOLN,CORSAIR,PHEV,Not eligible,2023 LINCOLN CORSAIR,959900,111126,0,0,0,0,28
kitsap,47.62732,-122.521,2023,LINCOLN,AVIATOR,PHEV,Not eligible,2023 LINCOLN AVIATOR,288900,114590,0,0,0,0,21
snohomish,47.81116,-122.37689,2024,LINCOLN,CORSAIR,PHEV,Not eligible,2024 LINCOLN CORSAIR,873800,127475,0,0,0,0,28
kittitas,47.195,-120.93943,2022,LINCOLN,CORSAIR,PHEV,Not eligible,2022 LINCOLN CORSAIR,48950,99709,0,0,0,0,28
benton,46.31484,-119.26844,2025,LINCOLN,CORSAIR,PHEV,Not eligible,2025 LINCOLN CORSAIR,219625,103290,0,0,0,0,27
pierce,47.38336,-122.6658,2022,LINCOLN,AVIATOR,PHEV,Not eligible,2022 LINCOLN AVIATOR,959900,111126,0,0,0,0,21
clark,45.64251,-122.57722,2020,LINCOLN,AVIATOR,PHEV,Not eligible,2020 LINCOLN AVIATOR,542400,108973,0,0,0,0,21
king,47.52716,-121.82432,2021,LINCOLN,AVIATOR,PHEV,Not eligible,2021 LINCOLN AVIATOR,2411700,154490,0,0,0,0,21
king,47.39394,-122.04526,2021,LINCOLN,CORSAIR,PHEV,Not eligible,2021 LINCOLN CORSAIR,2411700,154490,0,0,0,0,28
king,47.61344,-122.03539,2024,LUCID,AIR,BEV,Unknown,2024 LUCID AIR,2411700,154490,0,0,0,0,0
king,47.60326,-122.02054,2025,LUCID,AIR,BEV,Unknown,2025 LUCID AIR,2411700,154490,0,0,0,0,0
king,47.67858,-122.13158,2023,LUCID,AIR,BEV,Unknown,2023 LUCID AIR,2411700,154490,0,0,0,0,0
skagit,48.41644,-122.33891,2022,LUCID,AIR,BEV,Unknown,2022 LUCID AIR,134600,99179,0,0,0,0,0
snohomish,47.83785,-122.27734,2025,MAZDA,CX-90,PHEV,Not eligible,2025 MAZDA CX-90,873800,127475,0,0,0,0,26
spokane,47.65726,-117.41162,2025,MAZDA,CX-70,PHEV,Not eligible,2025 MAZDA CX-70,566000,94226,0,0,0,0,26
san juan,48.53448,-123.01648,2024,MAZDA,CX-90,PHEV,Not eligible,2024 MAZDA CX-90,18550,104737,0,0,0,0,26
king,47.63131,-122.11867,2024,MERCEDES-BENZ,EQB-CLASS,BEV,Unknown,2024 MERCEDES-BENZ EQB-CLASS,2411700,154490,0,0,0,0,0
king,47.75448,-122.15545,2024,MERCEDES-BENZ,EQS-CLASS SUV,BEV,Unknown,2024 MERCEDES-BENZ EQS-CLASS SUV,2411700,154490,0,0,0,0,0
king,47.4466,-122.08747,2024,MERCEDES-BENZ,EQE-CLASS SEDAN,BEV,Unknown,2024 MERCEDES-BENZ EQE-CLASS SEDAN,2411700,154490,0,0,0,0,0
king,47.57874,-122.30866,2024,MERCEDES-BENZ,EQE-CLASS SUV,BEV,Unknown,2024 MERCEDES-BENZ EQE-CLASS SUV,2411700,154490,0,0,0,0,0
king,47.75448,-122.15545,2024,MERCEDES-BENZ,GLE-CLASS,PHEV,Eligible,2024 MERCEDES-BENZ GLE-CLASS,2411700,154490,0,0,0,0,48
king,47.63824,-122.35022,2024,MERCEDES-BENZ,EQS-CLASS SEDAN,BEV,Unknown,2024 MERCEDES-BENZ EQS-CLASS SEDAN,2411700,154490,0,0,0,0,0
king,47.48852,-122.15716,2024,MERCEDES-BENZ,S-CLASS,PHEV,Eligible,2024 MERCEDES-BENZ S-CLASS,2411700,154490,0,0,0,0,46
skagit,48.41566,-122.32355,2024,MERCEDES-BENZ,ESPRINTER,BEV,Unknown,2024 MERCEDES-BENZ ESPRINTER,134600,99179,0,0,0,0,0
king,47.72656,-122.30253,2023,MERCEDES-BENZ,EQE-CLASS SUV,BEV,Unknown,2023 MERCEDES-BENZ EQE-CLASS SUV,2411700,154490,0,0,0,0,0
king,47.55115,-122.2668,2023,MERCEDES-BENZ,EQB-CLASS,BEV,Unknown,2023 MERCEDES-BENZ EQB-CLASS,2411700,154490,0,0,0,0,0
king,47.68555,-122.03287,2023,MERCEDES-BENZ,EQE-CLASS SEDAN,BEV,Unknown,2023 MERCEDES-BENZ EQE-CLASS SEDAN,2411700,154490,0,0,0,0,0
king,47.75892,-122.24369,2023,MERCEDES-BENZ,EQS-CLASS SUV,BEV,Unknown,2023 MERCEDES-BENZ EQS-CLASS SUV,2411700,154490,0,0,0,0,0
king,47.61001,-122.1872,2023,MERCEDES-BENZ,EQS-CLASS SEDAN,BEV,Unknown,2023 MERCEDES-BENZ EQS-CLASS SEDAN,2411700,154490,0,0,0,0,0
whatcom,48.7449,-122.45486,2025,MERCEDES-BENZ,EQE-CLASS SUV,BEV,Unknown,2025 MERCEDES-BENZ EQE-CLASS SUV,240500,102596,0,0,0,0,0
king,47.57874,-122.30866,2025,MERCEDES-BENZ,EQS-CLASS SUV,BEV,Unknown,2025 MERCEDES-BENZ EQS-CLASS SUV,2411700,154490,0,0,0,0,0
king,47.57816,-122.21238,2025,MERCEDES-BENZ,G-CLASS,BEV,Unknown,2025 MERCEDES-BENZ G-CLASS,2411700,154490,0,0,0,0,0
clark,45.81539,-122.74595,2025,MERCEDES-BENZ,GLE-CLASS,PHEV,Eligible,2025 MERCEDES-BENZ GLE-CLASS,542400,108973,0,0,0,0,49
island,48.23986,-122.40049,2025,MERCEDES-BENZ,GLC-CLASS,PHEV,Eligible,2025 MERCEDES-BENZ GLC-CLASS,88700,105012,0,0,0,0,54
king,47.57894,-122.41067,2025,MERCEDES-BENZ,E-CLASS,PHEV,Eligible,2025 MERCEDES-BENZ E-CLASS,2411700,154490,0,0,0,0,43
king,47.61613,-122.23892,2025,MERCEDES-BENZ,S-CLASS,PHEV,Not eligible,2025 MERCEDES-BENZ S-CLASS,2411700,154490,0,0,0,0,16
king,47.61344,-122.03539,2025,MERCEDES-BENZ,EQB-CLASS,BEV,Unknown,2025 MERCEDES-BENZ EQB-CLASS,2411700,154490,0,0,0,0,0
king,47.57874,-122.30866,2025,MERCEDES-BENZ,EQE-CLASS SEDAN,BEV,Unknown,2025 MERCEDES-BENZ EQE-CLASS SEDAN,2411700,154490,0,0,0,0,0
king,47.61001,-122.1872,2025,MERCEDES-BENZ,EQS-CLASS SEDAN,BEV,Unknown,2025 MERCEDES-BENZ EQS-CLASS SEDAN,2411700,154490,0,0,0,0,0
king,47.57816,-122.21238,2025,MERCEDES-BENZ,AMG GT,PHEV,Not eligible,2025 MERCEDES-BENZ AMG GT,2411700,154490,0,0,0,0,1
king,47.3199,-122.1821,2025,MERCEDES-BENZ,C-CLASS,PHEV,Not eligible,2025 MERCEDES-BENZ C-CLASS,2411700,154490,0,0,0,0,1
grant,47.23748,-119.85338,2025,MERCEDES-BENZ,SL-CLASS,PHEV,Not eligible,2025 MERCEDES-BENZ SL-CLASS,106250,79271,0,0,0,0,1
whatcom,48.75245,-122.47107,2025,MERCEDES-BENZ,ESPRINTER,BEV,Unknown,2025 MERCEDES-BENZ ESPRINTER,240500,102596,0,0,0,0,0
king,47.3807,-122.23741,2022,MERCEDES-BENZ,EQS-CLASS SEDAN,BEV,Unknown,2022 MERCEDES-BENZ EQS-CLASS SEDAN,2411700,154490,0,0,0,0,0
clark,45.58694,-122.40199,2022,MERCEDES-BENZ,EQB-CLASS,BEV,Unknown,2022 MERCEDES-BENZ EQB-CLASS,542400,108973,0,0,0,0,0
king,47.67887,-122.2066,2017,MERCEDES-BENZ,B-CLASS,BEV,Eligible,2017 MERCEDES-BENZ B-CLASS,2411700,154490,0,0,0,0,87
spokane,47.63374,-117.39322,2017,MERCEDES-BENZ,GLE-CLASS,PHEV,Not eligible,2017 MERCEDES-BENZ GLE-CLASS,566000,94226,0,0,0,0,10
king,47.61578,-122.34468,2017,MERCEDES-BENZ,C-CLASS,PHEV,Not eligible,2017 MERCEDES-BENZ C-CLASS,2411700,154490,0,0,0,0,8
whatcom,48.84787,-122.5945,2017,MERCEDES-BENZ,S-CLASS,PHEV,Not eligible,2017 MERCEDES-BENZ S-CLASS,240500,102596,0,0,0,0,12
king,47.50314,-122.3317,2018,MERCEDES-BENZ,GLC-CLASS,PHEV,Not eligible,2018 MERCEDES-BENZ GLC-CLASS,2411700,154490,0,0,0,0,9
king,47.64586,-122.3684,2018,MERCEDES-BENZ,C-CLASS,PHEV,Not eligible,2018 MERCEDES-BENZ C-CLASS,2411700,154490,0,0,0,0,8
king,47.5301,-122.03439,2018,MERCEDES-BENZ,GLE-CLASS,PHEV,Not eligible,2018 MERCEDES-BENZ GLE-CLASS,2411700,154490,0,0,0,0,8
king,47.61334,-122.12056,2019,MERCEDES-BENZ,GLC-CLASS,PHEV,Not eligible,2019 MERCEDES-BENZ GLC-CLASS,2411700,154490,0,0,0,0,10
king,47.49408,-122.36178,2014,MERCEDES-BENZ,B-CLASS,BEV,Eligible,2014 MERCEDES-BENZ B-CLASS,2411700,154490,0,0,0,0,87
pierce,47.17794,-122.67876,2015,MERCEDES-BENZ,B-CLASS,BEV,Eligible,2015 MERCEDES-BENZ B-CLASS,959900,111126,0,0,0,0,87
clark,45.58694,-122.40199,2015,MERCEDES-BENZ,S-CLASS,PHEV,Not eligible,2015 MERCEDES-BENZ S-CLASS,542400,108973,0,0,0,0,14
king,47.75781,-122.3175,2016,MERCEDES-BENZ,B-CLASS,BEV,Eligible,2016 MERCEDES-BENZ B-CLASS,2411700,154490,0,0,0,0,87
yakima,46.59817,-120.60199,2016,MERCEDES-BENZ,GLE-CLASS,PHEV,Not eligible,2016 MERCEDES-BENZ GLE-CLASS,264650,76662,0,0,0,0,10
king,47.67596,-122.35436,2016,MERCEDES-BENZ,S-CLASS,PHEV,Not eligible,2016 MERCEDES-BENZ S-CLASS,2411700,154490,0,0,0,0,14
kitsap,47.73689,-122.64681,2016,MERCEDES-BENZ,C-CLASS,PHEV,Not eligible,2016 MERCEDES-BENZ C-CLASS,288900,114590,0,0,0,0,11
stevens,48.54657,-117.90454,2020,MERCEDES-BENZ,GLC-CLASS,PHEV,Not eligible,2020 MERCEDES-BENZ GLC-CLASS,47800,81867,0,0,0,0,22
spokane,47.59431,-117.46996,2024,MINI,HARDTOP,BEV,Unknown,2024 MINI HARDTOP,566000,94226,0,0,0,0,0
grays harbor,47.01156,-124.16408,2023,MINI,COUNTRYMAN,PHEV,Not eligible,2023 MINI COUNTRYMAN,77750,79893,0,0,0,0,17
king,47.65908,-122.40092,2023,MINI,HARDTOP,BEV,Unknown,2023 MINI HARDTOP,2411700,154490,0,0,0,0,0
king,47.63824,-122.35022,2025,MINI,COUNTRYMAN,BEV,Unknown,2025 MINI COUNTRYMAN,2411700,154490,0,0,0,0,0
jefferson,48.1212,-122.77263,2021,MINI,HARDTOP,BEV,Eligible,2021 MINI HARDTOP,33825,98262,0,0,0,0,110
spokane,47.63396,-117.36043,2022,MINI,HARDTOP,BEV,Unknown,2022 MINI HARDTOP,566000,94226,0,0,0,0,0
king,47.64085,-122.30207,2022,MINI,COUNTRYMAN,PHEV,Not eligible,2022 MINI COUNTRYMAN,2411700,154490,0,0,0,0,17
clark,45.69345,-122.55149,2021,MINI,COUNTRYMAN,PHEV,Not eligible,2021 MINI COUNTRYMAN,542400,108973,0,0,0,0,17
spokane,47.66829,-117.1015,2020,MINI,HARDTOP,BEV,Unknown,2020 MINI HARDTOP,566000,94226,0,0,0,0,0
king,47.67597,-122.38591,2020,MINI,COUNTRYMAN,PHEV,Not eligible,2020 MINI COUNTRYMAN,2411700,154490,0,0,0,0,17
king,47.43876,-122.197,2023,MITSUBISHI,OUTLANDER,PHEV,Eligible,2023 MITSUBISHI OUTLANDER,2411700,154490,0,0,0,0,38
snohomish,47.83448,-122.21061,2025,MITSUBISHI,OUTLANDER,PHEV,Eligible,2025 MITSUBISHI OUTLANDER,873800,127475,0,0,0,0,38
king,47.43473,-122.29179,2024,MITSUBISHI,OUTLANDER,PHEV,Eligible,2024 MITSUBISHI OUTLANDER,2411700,154490,0,0,0,0,38
king,47.72656,-122.30253,2019,MITSUBISHI,OUTLANDER,PHEV,Not eligible,2019 MITSUBISHI OUTLANDER,2411700,154490,0,0,0,0,22
king,47.75448,-122.15545,2018,MITSUBISHI,OUTLANDER,PHEV,Not eligible,2018 MITSUBISHI OUTLANDER,2411700,154490,0,0,0,0,22
snohomish,48.06114,-122.1769,2016,MITSUBISHI,I-MIEV,BEV,Eligible,2016 MITSUBISHI I-MIEV,873800,127475,0,0,0,0,62
clark,45.64251,-122.57722,2017,MITSUBISHI,I-MIEV,BEV,Eligible,2017 MITSUBISHI I-MIEV,542400,108973,0,0,0,0,59
clark,45.58694,-122.40199,2014,MITSUBISHI,I-MIEV,BEV,Eligible,2014 MITSUBISHI I-MIEV,542400,108973,0,0,0,0,62
island,48.29077,-122.64682,2012,MITSUBISHI,I-MIEV,BEV,Eligible,2012 MITSUBISHI I-MIEV,88700,105012,0,0,0,0,62
clark,45.58694,-122.40199,2022,MITSUBISHI,OUTLANDER,PHEV,Not eligible,2022 MITSUBISHI OUTLANDER,542400,108973,0,0,0,0,24
king,47.3807,-122.23741,2021,MITSUBISHI,OUTLANDER,PHEV,Not eligible,2021 MITSUBISHI OUTLANDER,2411700,154490,0,0,0,0,24
grays harbor,46.84077,-123.23286,2020,MITSUBISHI,OUTLANDER,PHEV,Not eligible,2020 MITSUBISHI OUTLANDER,77750,79893,0,0,0,0,22
pierce,47.29238,-122.51134,2024,MULLEN AUTOMOTIVE INC.,ONE,BEV,Unknown,2024 MULLEN AUTOMOTIVE INC. ONE,959900,111126,0,0,0,0,0
king,47.49461,-122.23825,2021,NISSAN,LEAF,BEV,Unknown,2021 NISSAN LEAF,2411700,154490,0,0,0,0,0
snohomish,48.11026,-122.1677,2022,NISSAN,LEAF,BEV,Unknown,2022 NISSAN LEAF,873800,127475,0,0,0,0,0
grays harbor,47.04946,-123.26405,2020,NISSAN,LEAF,BEV,Unknown,2020 NISSAN LEAF,77750,79893,0,0,0,0,0
thurston,46.94239,-122.60735,2023,NISSAN,LEAF,BEV,Unknown,2023 NISSAN LEAF,309100,111908,0,0,0,0,0
thurston,47.03779,-122.92333,2023,NISSAN,ARIYA,BEV,Unknown,2023 NISSAN ARIYA,309100,111908,0,0,0,0,0
pierce,47.26887,-122.52082,2019,NISSAN,LEAF,BEV,Eligible,2019 NISSAN LEAF,959900,111126,0,0,0,0,150
king,47.68555,-122.03287,2024,NISSAN,LEAF,BEV,Unknown,2024 NISSAN LEAF,2411700,154490,0,0,0,0,0
thurston,47.08149,-122.75103,2024,NISSAN,ARIYA,BEV,Unknown,2024 NISSAN ARIYA,309100,111908,0,0,0,0,0
snohomish,47.8031,-122.18384,2025,NISSAN,LEAF,BEV,Unknown,2025 NISSAN LEAF,873800,127475,0,0,0,0,0
snohomish,48.19471,-122.1264,2025,NISSAN,ARIYA,BEV,Unknown,2025 NISSAN ARIYA,873800,127475,0,0,0,0,0
snohomish,47.87115,-122.1389,2013,NISSAN,LEAF,BEV,Eligible,2013 NISSAN LEAF,873800,127475,0,0,0,0,75
snohomish,47.89251,-122.18637,2014,NISSAN,LEAF,BEV,Eligible,2014 NISSAN LEAF,873800,127475,0,0,0,0,84
chelan,47.41494,-120.30522,2015,NISSAN,LEAF,BEV,Eligible,2015 NISSAN LEAF,82900,91893,0,0,0,0,84
san juan,48.52342,-122.91395,2012,NISSAN,LEAF,BEV,Eligible,2012 NISSAN LEAF,18550,104737,0,0,0,0,73
spokane,47.63374,-117.39322,2011,NISSAN,LEAF,BEV,Eligible,2011 NISSAN LEAF,566000,94226,0,0,0,0,73
snohomish,47.91265,-122.09305,2017,NISSAN,LEAF,BEV,Eligible,2017 NISSAN LEAF,873800,127475,0,0,0,0,107
snohomish,47.83785,-122.27734,2018,NISSAN,LEAF,BEV,Eligible,2018 NISSAN LEAF,873800,127475,0,0,0,0,151
walla walla,46.07068,-118.34261,2016,NISSAN,LEAF,BEV,Eligible,2016 NISSAN LEAF,63800,90621,0,0,0,0,84
snohomish,48.01497,-122.06402,2024,POLESTAR,PS2,BEV,Unknown,2024 POLESTAR PS2,873800,127475,0,0,0,0,0
king,47.68156,-122.31676,2023,POLESTAR,PS2,BEV,Unknown,2023 POLESTAR PS2,2411700,154490,0,0,0,0,0
king,47.65908,-122.40092,2025,POLESTAR,POLESTAR 3,BEV,Unknown,2025 POLESTAR POLESTAR 3,2411700,154490,0,0,0,0,0
king,47.57874,-122.30866,2025,POLESTAR,PS2,BEV,Unknown,2025 POLESTAR PS2,2411700,154490,0,0,0,0,0
snohomish,47.82557,-122.29245,2021,POLESTAR,PS2,BEV,Eligible,2021 POLESTAR PS2,873800,127475,0,0,0,0,233
king,47.67858,-122.13158,2022,POLESTAR,PS2,BEV,Unknown,2022 POLESTAR PS2,2411700,154490,0,0,0,0,0
king,47.61001,-122.1872,2023,PORSCHE,TAYCAN,BEV,Unknown,2023 PORSCHE TAYCAN,2411700,154490,0,0,0,0,0
king,47.54748,-122.00292,2023,PORSCHE,PANAMERA,PHEV,Not eligible,2023 PORSCHE PANAMERA,2411700,154490,0,0,0,0,18
king,47.33778,-122.09124,2023,PORSCHE,CAYENNE,PHEV,Not eligible,2023 PORSCHE CAYENNE,2411700,154490,0,0,0,0,17
pierce,47.328,-122.58009,2024,PORSCHE,TAYCAN,BEV,Unknown,2024 PORSCHE TAYCAN,959900,111126,0,0,0,0,0
king,47.75448,-122.15545,2024,PORSCHE,MACAN,BEV,Eligible,2024 PORSCHE MACAN,2411700,154490,0,0,0,0,308
king,47.75425,-122.07326,2024,PORSCHE,CAYENNE,PHEV,Eligible,2024 PORSCHE CAYENNE,2411700,154490,0,0,0,0,55
king,47.61613,-122.23892,2022,PORSCHE,TAYCAN,BEV,Unknown,2022 PORSCHE TAYCAN,2411700,154490,0,0,0,0,0
kitsap,47.62732,-122.521,2022,PORSCHE,CAYENNE,PHEV,Not eligible,2022 PORSCHE CAYENNE,288900,114590,0,0,0,0,16
king,47.64085,-122.30207,2022,PORSCHE,PANAMERA,PHEV,Not eligible,2022 PORSCHE PANAMERA,2411700,154490,0,0,0,0,19
king,47.61001,-122.1872,2025,PORSCHE,PANAMERA,PHEV,Not eligible,2025 PORSCHE PANAMERA,2411700,154490,0,0,0,0,28
king,47.55584,-122.12096,2025,PORSCHE,CAYENNE,PHEV,Not eligible,2025 PORSCHE CAYENNE,2411700,154490,0,0,0,0,24
king,47.71871,-122.35029,2025,PORSCHE,MACAN,BEV,Unknown,2025 PORSCHE MACAN,2411700,154490,0,0,0,0,0
clark,45.58694,-122.40199,2014,PORSCHE,PANAMERA,PHEV,Not eligible,2014 PORSCHE PANAMERA,542400,108973,0,0,0,0,15
king,47.67887,-122.2066,2019,PORSCHE,CAYENNE,PHEV,Not eligible,2019 PORSCHE CAYENNE,2411700,154490,0,0,0,0,13
king,47.33778,-122.09124,2019,PORSCHE,PANAMERA,PHEV,Not eligible,2019 PORSCHE PANAMERA,2411700,154490,0,0,0,0,14
king,47.55584,-122.12096,2018,PORSCHE,PANAMERA,PHEV,Not eligible,2018 PORSCHE PANAMERA,2411700,154490,0,0,0,0,16
king,47.3084,-122.36321,2018,PORSCHE,CAYENNE,PHEV,Not eligible,2018 PORSCHE CAYENNE,2411700,154490,0,0,0,0,14
king,47.58616,-122.32741,2020,PORSCHE,TAYCAN,BEV,Eligible,2020 PORSCHE TAYCAN,2411700,154490,0,0,0,0,203
pierce,47.34235,-122.58964,2020,PORSCHE,CAYENNE,PHEV,Not eligible,2020 PORSCHE CAYENNE,959900,111126,0,0,0,0,12
pierce,47.19175,-122.17144,2020,PORSCHE,PANAMERA,PHEV,Not eligible,2020 PORSCHE PANAMERA,959900,111126,0,0,0,0,14
clark,45.60365,-122.49212,2016,PORSCHE,CAYENNE,PHEV,Not eligible,2016 PORSCHE CAYENNE,542400,108973,0,0,0,0,14
snohomish,47.83448,-122.21061,2016,PORSCHE,PANAMERA,PHEV,Not eligible,2016 PORSCHE PANAMERA,873800,127475,0,0,0,0,15
king,47.67858,-122.13158,2015,PORSCHE,PANAMERA,PHEV,Not eligible,2015 PORSCHE PANAMERA,2411700,154490,0,0,0,0,15
king,47.67858,-122.13158,2015,PORSCHE,CAYENNE,PHEV,Not eligible,2015 PORSCHE CAYENNE,2411700,154490,0,0,0,0,14
king,47.64085,-122.30207,2017,PORSCHE,CAYENNE,PHEV,Not eligible,2017 PORSCHE CAYENNE,2411700,154490,0,0,0,0,14
pierce,47.19175,-122.17144,2021,PORSCHE,TAYCAN,BEV,Unknown,2021 PORSCHE TAYCAN,959900,111126,0,0,0,0,0
king,47.64441,-122.1621,2021,PORSCHE,CAYENNE,PHEV,Not eligible,2021 PORSCHE CAYENNE,2411700,154490,0,0,0,0,16
king,47.52716,-121.82432,2021,PORSCHE,PANAMERA,PHEV,Not eligible,2021 PORSCHE PANAMERA,2411700,154490,0,0,0,0,18
king,47.39394,-122.04526,2024,RAM,PROMASTER 3500,BEV,Unknown,2024 RAM PROMASTER 3500,2411700,154490,0,0,0,0,0
king,47.64085,-122.30207,2024,RIVIAN,R1T,BEV,Unknown,2024 RIVIAN R1T,2411700,154490,0,0,0,0,0
king,47.60803,-122.31009,2024,RIVIAN,R1S,BEV,Unknown,2024 RIVIAN R1S,2411700,154490,0,0,0,0,0
skagit,48.46846,-122.33029,2024,RIVIAN,EDV,BEV,Unknown,2024 RIVIAN EDV,134600,99179,0,0,0,0,0
chelan,47.83985,-120.01454,2025,RIVIAN,R1S,BEV,Unknown,2025 RIVIAN R1S,82900,91893,0,0,0,0,0
snohomish,47.87166,-122.31768,2025,RIVIAN,R1T,BEV,Unknown,2025 RIVIAN R1T,873800,127475,0,0,0,0,0
san juan,48.53448,-123.01648,2023,RIVIAN,R1S,BEV,Unknown,2023 RIVIAN R1S,18550,104737,0,0,0,0,0
kittitas,47.195,-120.93943,2023,RIVIAN,R1T,BEV,Unknown,2023 RIVIAN R1T,48950,99709,0,0,0,0,0
king,47.39394,-122.04526,2023,RIVIAN,EDV,BEV,Unknown,2023 RIVIAN EDV,2411700,154490,0,0,0,0,0
king,47.50314,-122.3317,2024,RIVIAN,RCV,BEV,Unknown,2024 RIVIAN RCV,2411700,154490,0,0,0,0,0
kitsap,47.57192,-122.65223,2025,RIVIAN,EDV,BEV,Unknown,2025 RIVIAN EDV,288900,114590,0,0,0,0,0
king,47.67597,-122.38591,2022,RIVIAN,R1T,BEV,Unknown,2022 RIVIAN R1T,2411700,154490,0,0,0,0,0
king,47.67597,-122.38591,2022,RIVIAN,R1S,BEV,Unknown,2022 RIVIAN R1S,2411700,154490,0,0,0,0,0
king,47.39394,-122.04526,2022,RIVIAN,EDV,BEV,Unknown,2022 RIVIAN EDV,2411700,154490,0,0,0,0,0
king,47.61578,-122.34468,2025,ROLLS-ROYCE,SPECTRE,BEV,Unknown,2025 ROLLS-ROYCE SPECTRE,2411700,154490,0,0,0,0,0
pierce,47.19434,-122.28504,2024,ROLLS-ROYCE,SPECTRE,BEV,Unknown,2024 ROLLS-ROYCE SPECTRE,959900,111126,0,0,0,0,0
snohomish,47.87166,-122.31768,2016,SMART,FORTWO,BEV,Eligible,2016 SMART FORTWO,873800,127475,0,0,0,0,68
king,47.26465,-122.24692,2017,SMART,FORTWO,BEV,Eligible,2017 SMART FORTWO,2411700,154490,0,0,0,0,58
king,47.54701,-122.36893,2015,SMART,FORTWO ELECTRIC DRIVE,BEV,Eligible,2015 SMART FORTWO ELECTRIC DRIVE,2411700,154490,0,0,0,0,68
pierce,47.17669,-122.54764,2018,SMART,EQ FORTWO,BEV,Eligible,2018 SMART EQ FORTWO,959900,111126,0,0,0,0,58
king,47.4466,-122.08747,2019,SMART,EQ FORTWO,BEV,Eligible,2019 SMART EQ FORTWO,2411700,154490,0,0,0,0,58
chelan,47.5224,-120.47005,2014,SMART,FORTWO ELECTRIC DRIVE,BEV,Eligible,2014 SMART FORTWO ELECTRIC DRIVE,82900,91893,0,0,0,0,58
whatcom,48.75245,-122.47107,2013,SMART,FORTWO ELECTRIC DRIVE,BEV,Eligible,2013 SMART FORTWO ELECTRIC DRIVE,240500,102596,0,0,0,0,68
king,47.63824,-122.35022,2024,SUBARU,SOLTERRA,BEV,Unknown,2024 SUBARU SOLTERRA,2411700,154490,0,0,0,0,0
king,47.60357,-122.32945,2025,SUBARU,SOLTERRA,BEV,Unknown,2025 SUBARU SOLTERRA,2411700,154490,0,0,0,0,0
king,47.43473,-122.29179,2023,SUBARU,SOLTERRA,BEV,Unknown,2023 SUBARU SOLTERRA,2411700,154490,0,0,0,0,0
thurston,47.08149,-122.75103,2019,SUBARU,CROSSTREK,PHEV,Not eligible,2019 SUBARU CROSSTREK,309100,111908,0,0,0,0,17
king,47.61344,-122.03539,2023,TESLA,MODEL Y,BEV,Unknown,2023 TESLA MODEL Y,2411700,154490,0,0,0,0,0
cowlitz,46.00813,-122.84226,2023,TESLA,MODEL 3,BEV,Unknown,2023 TESLA MODEL 3,114500,86738,0,0,0,0,0
king,47.61344,-122.03539,2023,TESLA,MODEL S,BEV,Unknown,2023 TESLA MODEL S,2411700,154490,0,0,0,0,0
snohomish,47.82557,-122.29245,2023,TESLA,MODEL X,BEV,Unknown,2023 TESLA MODEL X,873800,127475,0,0,0,0,0
king,47.52716,-121.82432,2025,TESLA,MODEL 3,BEV,Unknown,2025 TESLA MODEL 3,2411700,154490,0,0,0,0,0
clark,45.67871,-122.64443,2025,TESLA,MODEL Y,BEV,Unknown,2025 TESLA MODEL Y,542400,108973,0,0,0,0,0
king,47.65908,-122.40092,2025,TESLA,MODEL S,BEV,Unknown,2025 TESLA MODEL S,2411700,154490,0,0,0,0,0
king,47.61001,-122.1872,2025,TESLA,MODEL X,BEV,Unknown,2025 TESLA MODEL X,2411700,154490,0,0,0,0,0
snohomish,47.83448,-122.21061,2025,TESLA,CYBERTRUCK,BEV,Unknown,2025 TESLA CYBERTRUCK,873800,127475,0,0,0,0,0
king,47.67597,-122.38591,2026,TESLA,MODEL Y,BEV,Unknown,2026 TESLA MODEL Y,2411700,154490,0,0,0,0,0
king,47.60326,-122.02054,2026,TESLA,MODEL X,BEV,Unknown,2026 TESLA MODEL X,2411700,154490,0,0,0,0,0
king,47.61613,-122.23892,2026,TESLA,MODEL S,BEV,Unknown,2026 TESLA MODEL S,2411700,154490,0,0,0,0,0
cowlitz,46.14424,-122.89867,2024,TESLA,CYBERTRUCK,BEV,Unknown,2024 TESLA CYBERTRUCK,114500,86738,0,0,0,0,0
benton,46.29696,-119.33836,2019,TESLA,MODEL 3,BEV,Eligible,2019 TESLA MODEL 3,219625,103290,0,0,0,0,220
spokane,47.7333,-117.45005,2019,TESLA,MODEL X,BEV,Eligible,2019 TESLA MODEL X,566000,94226,0,0,0,0,289
king,47.67887,-122.2066,2019,TESLA,MODEL S,BEV,Eligible,2019 TESLA MODEL S,2411700,154490,0,0,0,0,270
whitman,46.73015,-117.18147,2018,TESLA,MODEL 3,BEV,Eligible,2018 TESLA MODEL 3,49450,91032,0,0,0,0,215
grant,47.31909,-119.55096,2018,TESLA,MODEL X,BEV,Eligible,2018 TESLA MODEL X,106250,79271,0,0,0,0,238
king,47.55115,-122.2668,2018,TESLA,MODEL S,BEV,Eligible,2018 TESLA MODEL S,2411700,154490,0,0,0,0,249
snohomish,47.8031,-122.18384,2020,TESLA,MODEL 3,BEV,Eligible,2020 TESLA MODEL 3,873800,127475,0,0,0,0,322
snohomish,47.91265,-122.09305,2020,TESLA,MODEL Y,BEV,Eligible,2020 TESLA MODEL Y,873800,127475,0,0,0,0,291
king,47.67858,-122.13158,2020,TESLA,MODEL X,BEV,Eligible,2020 TESLA MODEL X,2411700,154490,0,0,0,0,293
snohomish,47.91265,-122.09305,2020,TESLA,MODEL S,BEV,Eligible,2020 TESLA MODEL S,873800,127475,0,0,0,0,330
king,47.61334,-122.12056,2017,TESLA,MODEL S,BEV,Eligible,2017 TESLA MODEL S,2411700,154490,0,0,0,0,210
king,47.60326,-122.02054,2017,TESLA,MODEL X,BEV,Eligible,2017 TESLA MODEL X,2411700,154490,0,0,0,0,200
king,47.72238,-122.36498,2017,TESLA,MODEL 3,BEV,Eligible,2017 TESLA MODEL 3,2411700,154490,0,0,0,0,220
pierce,47.16568,-122.40872,2015,TESLA,MODEL S,BEV,Eligible,2015 TESLA MODEL S,959900,111126,0,0,0,0,208
whatcom,48.84787,-122.5945,2016,TESLA,MODEL S,BEV,Eligible,2016 TESLA MODEL S,240500,102596,0,0,0,0,210
king,47.4466,-122.08747,2016,TESLA,MODEL X,BEV,Eligible,2016 TESLA MODEL X,2411700,154490,0,0,0,0,200
san juan,48.53448,-123.01648,2008,TESLA,ROADSTER,BEV,Unknown,2008 TESLA ROADSTER,18550,104737,0,0,0,0,0
king,47.47532,-122.20489,2022,TESLA,MODEL 3,BEV,Unknown,2022 TESLA MODEL 3,2411700,154490,0,0,0,0,0
snohomish,47.8031,-122.18384,2022,TESLA,MODEL Y,BEV,Unknown,2022 TESLA MODEL Y,873800,127475,0,0,0,0,0
klickitat,45.72776,-121.48704,2022,TESLA,MODEL S,BEV,Unknown,2022 TESLA MODEL S,23600,86578,0,0,0,0,0
king,47.54748,-122.00292,2022,TESLA,MODEL X,BEV,Unknown,2022 TESLA MODEL X,2411700,154490,0,0,0,0,0
whatcom,48.75245,-122.47107,2011,TH!NK,CITY,BEV,Eligible,2011 TH!NK CITY,240500,102596,0,0,0,0,100
pierce,47.09583,-122.62954,2024,TOYOTA,RAV4 PRIME (PHEV),PHEV,Eligible,2024 TOYOTA RAV4 PRIME (PHEV),959900,111126,0,0,0,0,42
king,47.55115,-122.2668,2024,TOYOTA,PRIUS PRIME (PHEV),PHEV,Eligible,2024 TOYOTA PRIUS PRIME (PHEV),2411700,154490,0,0,0,0,39
snohomish,47.8526,-121.98087,2024,TOYOTA,BZ4X,BEV,Unknown,2024 TOYOTA BZ4X,873800,127475,0,0,0,0,0
skagit,48.50858,-122.23857,2023,TOYOTA,PRIUS PRIME (PHEV),PHEV,Eligible,2023 TOYOTA PRIUS PRIME (PHEV),134600,99179,0,0,0,0,39
clark,45.71668,-122.62731,2023,TOYOTA,RAV4 PRIME (PHEV),PHEV,Eligible,2023 TOYOTA RAV4 PRIME (PHEV),542400,108973,0,0,0,0,42
kitsap,47.42602,-122.54729,2023,TOYOTA,BZ4X,BEV,Unknown,2023 TOYOTA BZ4X,288900,114590,0,0,0,0,0
douglas,47.41515,-120.29473,2023,TOYOTA,MIRAI,BEV,Unknown,2023 TOYOTA MIRAI,45450,89320,0,0,0,0,0
snohomish,47.85727,-122.27981,2025,TOYOTA,BZ4X,BEV,Unknown,2025 TOYOTA BZ4X,873800,127475,0,0,0,0,0
king,47.66127,-122.31307,2025,TOYOTA,PRIUS PRIME (PHEV),PHEV,Eligible,2025 TOYOTA PRIUS PRIME (PHEV),2411700,154490,0,0,0,0,39
chelan,47.41494,-120.30522,2025,TOYOTA,RAV4 PRIME (PHEV),PHEV,Eligible,2025 TOYOTA RAV4 PRIME (PHEV),82900,91893,0,0,0,0,42
skagit,48.53892,-121.7515,2017,TOYOTA,PRIUS PRIME (PHEV),PHEV,Not eligible,2017 TOYOTA PRIUS PRIME (PHEV),134600,99179,0,0,0,0,25
yakima,46.59751,-120.52041,2018,TOYOTA,PRIUS PRIME (PHEV),PHEV,Not eligible,2018 TOYOTA PRIUS PRIME (PHEV),264650,76662,0,0,0,0,25
thurston,47.03954,-122.89165,2019,TOYOTA,PRIUS PRIME (PHEV),PHEV,Not eligible,2019 TOYOTA PRIUS PRIME (PHEV),309100,111908,0,0,0,0,25
king,47.54748,-122.00292,2013,TOYOTA,PRIUS,PHEV,Not eligible,2013 TOYOTA PRIUS,2411700,154490,0,0,0,0,6
king,47.63824,-122.35022,2013,TOYOTA,RAV4,BEV,Eligible,2013 TOYOTA RAV4,2411700,154490,0,0,0,0,103
clallam,48.11892,-123.43112,2012,TOYOTA,PRIUS,PHEV,Not eligible,2012 TOYOTA PRIUS,78650,84546,0,0,0,0,6
king,47.64586,-122.3684,2012,TOYOTA,RAV4,BEV,Eligible,2012 TOYOTA RAV4,2411700,154490,0,0,0,0,103
clallam,48.07965,-123.10367,2002,TOYOTA,RAV4,BEV,Eligible,2002 TOYOTA RAV4,78650,84546,0,0,0,0,95
san juan,48.53448,-123.01648,2003,TOYOTA,RAV4,BEV,Eligible,2003 TOYOTA RAV4,18550,104737,0,0,0,0,95
king,47.41185,-122.17743,2015,TOYOTA,PRIUS,PHEV,Not eligible,2015 TOYOTA PRIUS,2411700,154490,0,0,0,0,6
kitsap,47.62732,-122.521,2014,TOYOTA,PRIUS,PHEV,Not eligible,2014 TOYOTA PRIUS,288900,114590,0,0,0,0,6
king,47.72201,-122.22901,2014,TOYOTA,RAV4,BEV,Eligible,2014 TOYOTA RAV4,2411700,154490,0,0,0,0,103
whatcom,48.7449,-122.45486,2021,TOYOTA,RAV4 PRIME (PHEV),PHEV,Eligible,2021 TOYOTA RAV4 PRIME (PHEV),240500,102596,0,0,0,0,42
snohomish,47.82557,-122.29245,2021,TOYOTA,PRIUS PRIME (PHEV),PHEV,Not eligible,2021 TOYOTA PRIUS PRIME (PHEV),873800,127475,0,0,0,0,25
clark,45.63701,-122.48723,2022,TOYOTA,RAV4 PRIME (PHEV),PHEV,Eligible,2022 TOYOTA RAV4 PRIME (PHEV),542400,108973,0,0,0,0,42
clark,45.60365,-122.49212,2022,TOYOTA,PRIUS PRIME (PHEV),PHEV,Not eligible,2022 TOYOTA PRIUS PRIME (PHEV),542400,108973,0,0,0,0,25
king,47.64085,-122.30207,2020,TOYOTA,PRIUS PRIME (PHEV),PHEV,Not eligible,2020 TOYOTA PRIUS PRIME (PHEV),2411700,154490,0,0,0,0,25
clark,45.69345,-122.55149,2024,VINFAST,VF 8,BEV,Unknown,2024 VINFAST VF 8,542400,108973,0,0,0,0,0
king,47.68156,-122.31676,2023,VOLKSWAGEN,ID.4,BEV,Unknown,2023 VOLKSWAGEN ID.4,2411700,154490,0,0,0,0,0
whatcom,48.75245,-122.47107,2025,VOLKSWAGEN,ID.4,BEV,Unknown,2025 VOLKSWAGEN ID.4,240500,102596,0,0,0,0,0
snohomish,48.06114,-122.1769,2024,VOLKSWAGEN,ID.4,BEV,Unknown,2024 VOLKSWAGEN ID.4,873800,127475,0,0,0,0,0
king,47.5301,-122.03439,2025,VOLKSWAGEN,ID. BUZZ,BEV,Unknown,2025 VOLKSWAGEN ID. BUZZ,2411700,154490,0,0,0,0,0
pierce,46.86733,-122.26832,2021,VOLKSWAGEN,ID.4,BEV,Unknown,2021 VOLKSWAGEN ID.4,959900,111126,0,0,0,0,0
klickitat,45.6939,-121.28544,2019,VOLKSWAGEN,E-GOLF,BEV,Eligible,2019 VOLKSWAGEN E-GOLF,23600,86578,0,0,0,0,125
king,47.63131,-122.11867,2016,VOLKSWAGEN,E-GOLF,BEV,Eligible,2016 VOLKSWAGEN E-GOLF,2411700,154490,0,0,0,0,83
king,47.61334,-122.12056,2015,VOLKSWAGEN,E-GOLF,BEV,Eligible,2015 VOLKSWAGEN E-GOLF,2411700,154490,0,0,0,0,83
clark,45.60365,-122.49212,2017,VOLKSWAGEN,E-GOLF,BEV,Eligible,2017 VOLKSWAGEN E-GOLF,542400,108973,0,0,0,0,125
king,47.61344,-122.03539,2018,VOLKSWAGEN,E-GOLF,BEV,Eligible,2018 VOLKSWAGEN E-GOLF,2411700,154490,0,0,0,0,125
snohomish,47.87166,-122.31768,2022,VOLKSWAGEN,ID.4,BEV,Unknown,2022 VOLKSWAGEN ID.4,873800,127475,0,0,0,0,0
snohomish,48.11026,-122.1677,2023,VOLVO,XC40,BEV,Unknown,2023 VOLVO XC40,873800,127475,0,0,0,0,0
snohomish,47.81116,-122.37689,2023,VOLVO,C40,BEV,Unknown,2023 VOLVO C40,873800,127475,0,0,0,0,0
thurston,47.03779,-122.92333,2023,VOLVO,XC60,PHEV,Eligible,2023 VOLVO XC60,309100,111908,0,0,0,0,35
snohomish,47.87166,-122.31768,2023,VOLVO,XC90,PHEV,Eligible,2023 VOLVO XC90,873800,127475,0,0,0,0,32
king,47.75448,-122.15545,2023,VOLVO,S60,PHEV,Eligible,2023 VOLVO S60,2411700,154490,0,0,0,0,41
king,47.63433,-122.32427,2024,VOLVO,XC40,BEV,Unknown,2024 VOLVO XC40,2411700,154490,0,0,0,0,0
king,47.61344,-122.03539,2024,VOLVO,V60,PHEV,Eligible,2024 VOLVO V60,2411700,154490,0,0,0,0,41
clark,45.81539,-122.74595,2024,VOLVO,XC60,PHEV,Eligible,2024 VOLVO XC60,542400,108973,0,0,0,0,35
walla walla,46.07068,-118.34261,2024,VOLVO,C40,BEV,Unknown,2024 VOLVO C40,63800,90621,0,0,0,0,0
pierce,47.29238,-122.51134,2024,VOLVO,XC90,PHEV,Eligible,2024 VOLVO XC90,959900,111126,0,0,0,0,32
yakima,46.59817,-120.60199,2024,VOLVO,S90,PHEV,Eligible,2024 VOLVO S90,264650,76662,0,0,0,0,38
benton,46.27391,-119.27372,2024,VOLVO,S60,PHEV,Eligible,2024 VOLVO S60,219625,103290,0,0,0,0,41
king,47.67858,-122.13158,2023,VOLVO,V60,PHEV,Eligible,2023 VOLVO V60,2411700,154490,0,0,0,0,41
king,47.3084,-122.36321,2023,VOLVO,S90,PHEV,Eligible,2023 VOLVO S90,2411700,154490,0,0,0,0,38
king,47.72238,-122.36498,2025,VOLVO,XC60,PHEV,Eligible,2025 VOLVO XC60,2411700,154490,0,0,0,0,35
king,47.65908,-122.40092,2025,VOLVO,XC90,PHEV,Eligible,2025 VOLVO XC90,2411700,154490,0,0,0,0,32
king,47.60326,-122.02054,2025,VOLVO,EX90,BEV,Unknown,2025 VOLVO EX90,2411700,154490,0,0,0,0,0
king,47.3084,-122.36321,2025,VOLVO,EX40,BEV,Unknown,2025 VOLVO EX40,2411700,154490,0,0,0,0,0
jefferson,48.1212,-122.77263,2025,VOLVO,EX30,BEV,Unknown,2025 VOLVO EX30,33825,98262,0,0,0,0,0
king,47.61344,-122.03539,2025,VOLVO,S60,PHEV,Eligible,2025 VOLVO S60,2411700,154490,0,0,0,0,41
yakima,46.59817,-120.60199,2025,VOLVO,V60,PHEV,Eligible,2025 VOLVO V60,264650,76662,0,0,0,0,41
skagit,48.41566,-122.32355,2022,VOLVO,XC90,PHEV,Not eligible,2022 VOLVO XC90,134600,99179,0,0,0,0,18
clark,45.58694,-122.40199,2021,VOLVO,XC60,PHEV,Not eligible,2021 VOLVO XC60,542400,108973,0,0,0,0,18
kitsap,47.79802,-122.4977,2021,VOLVO,XC40,BEV,Unknown,2021 VOLVO XC40,288900,114590,0,0,0,0,0
king,47.66127,-122.31307,2021,VOLVO,XC90,PHEV,Not eligible,2021 VOLVO XC90,2411700,154490,0,0,0,0,18
clark,45.69345,-122.55149,2021,VOLVO,S60,PHEV,Not eligible,2021 VOLVO S60,542400,108973,0,0,0,0,22
king,47.64586,-122.3684,2021,VOLVO,V60,PHEV,Not eligible,2021 VOLVO V60,2411700,154490,0,0,0,0,22
chelan,47.41494,-120.30522,2022,VOLVO,C40,BEV,Unknown,2022 VOLVO C40,82900,91893,0,0,0,0,0
skagit,48.38874,-122.49724,2022,VOLVO,XC40,BEV,Unknown,2022 VOLVO XC40,134600,99179,0,0,0,0,0
whatcom,48.7999,-122.49756,2022,VOLVO,XC60,PHEV,Not eligible,2022 VOLVO XC60,240500,102596,0,0,0,0,18
king,47.64586,-122.3684,2022,VOLVO,S60,PHEV,Not eligible,2022 VOLVO S60,2411700,154490,0,0,0,0,22
king,47.64085,-122.30207,2019,VOLVO,XC60,PHEV,Not eligible,2019 VOLVO XC60,2411700,154490,0,0,0,0,17
kittitas,47.195,-120.93943,2019,VOLVO,XC90,PHEV,Not eligible,2019 VOLVO XC90,48950,99709,0,0,0,0,17
king,47.72656,-122.30253,2019,VOLVO,S60,PHEV,Not eligible,2019 VOLVO S60,2411700,154490,0,0,0,0,22
king,47.33778,-122.09124,2019,VOLVO,S90,PHEV,Not eligible,2019 VOLVO S90,2411700,154490,0,0,0,0,21
snohomish,47.89908,-122.29196,2018,VOLVO,S90,PHEV,Not eligible,2018 VOLVO S90,873800,127475,0,0,0,0,21
san juan,48.69389,-122.91109,2017,VOLVO,XC90,PHEV,Not eligible,2017 VOLVO XC90,18550,104737,0,0,0,0,14
snohomish,47.75448,-122.15545,2020,VOLVO,XC60,PHEV,Not eligible,2020 VOLVO XC60,873800,127475,0,0,0,0,18
skagit,48.51748,-122.61214,2020,VOLVO,S60,PHEV,Not eligible,2020 VOLVO S60,134600,99179,0,0,0,0,22
pierce,47.23451,-122.53166,2020,VOLVO,S90,PHEV,Not eligible,2020 VOLVO S90,959900,111126,0,0,0,0,21
yakima,46.59817,-120.60199,2020,VOLVO,XC90,PHEV,Not eligible,2020 VOLVO XC90,264650,76662,0,0,0,0,18
king,47.57874,-122.30866,2016,VOLVO,XC90,PHEV,Not eligible,2016 VOLVO XC90,2411700,154490,0,0,0,0,13
king,47.67596,-122.35436,2020,VOLVO,V60,PHEV,Not eligible,2020 VOLVO V60,2411700,154490,0,0,0,0,22
king,47.64441,-122.1621,2022,VOLVO,V60,PHEV,Eligible,2022 VOLVO V60,2411700,154490,0,0,0,0,41
king,47.64586,-122.3684,2026,VOLVO,XC60,PHEV,Eligible,2026 VOLVO XC60,2411700,154490,0,0,0,0,35
